"id","name","carbrand_id"
3,"6",2333
4,"RS 4",221
5,"4 РС",221
6,"RS 6",222
7,"6 РС",222
8,"S",2439
9,"3/15",2458
10,"1 серия",231
11,"3 серия",232
12,"5 серия",233
13,"6 серия",234
14,"7 серия",235
15,"8 серия",236
16,"LaCrosse",271
17,"Лакросс",271
18,"LE Sabre",272
19,"Ле Сейбр",272
20,"Rendezvous",277
21,"Рандезвус",277
22,"LeSabre",272
23,"DeVille",286
24,"CM8",2580
25,"QQ6",305
26,"КуКу6",305
27,"Trans Sport",365
28,"Транс Спорт",365
29,"LeBaron",382
30,"Лебарон",382
31,"T Rex",2762
32,"LeMans",446
33,"Леманс",446
34,"MAX",477
35,"Макс",477
36,"Hijet",475
37,"Хиджет",475
38,"GO+",2844
39,"Ассоль",530
40,"Кондор",531
41,"Орион",532
42,"X1/9",611
43,"Х1/9",611
44,"F-150",632
45,"S-Max",656
46,"S-Макса",656
47,"Bronco-II",3046
48,"6500 (Land King)",3110
49,"CR-X",709
50,"КР-Х",709
51,"That's",746
52,"Это",746
53,"Scoupe",784
54,"H-100",775
55,"Ч-100",775
56,"S-Coupe",784
57,"С-Купе",784
58,"EX-Series",800
59,"Ex-серии",800
60,"FX-Series",801
61,"FX-серии",801
62,"G-Series",3313
63,"G-Серии",3313
64,"JX-Series",2253
65,"JX используется-серии",2253
66,"M-Series",806
67,"М-Серии",806
68,"I-Series",804
69,"Я Серии",804
70,"VehiCross",827
71,"Mark",841
72,"Марк",841
73,"Cee'd",854
74,"Сид",854
75,"LM002",884
76,"ЛМ002",884
77,"A 112",3480
78,"Monte Carlo",3484
79,"Luxgen5",3566
80,"GranTurismo",961
81,"Прекрасная",961
82,"GranSport",960
83,"AZ-Wagon",979
84,"АЗ-вагон",979
85,"Bongo Friendee",982
86,"Бонго Friendee",982
87,"MX-3",996
88,"МХ-3",996
89,"MX-5",997
90,"МХ-5",997
91,"MX-6",998
92,"МХ-6",998
93,"A-Класс",1014
94,"B-Класс",1015
95,"CLC-Класс",1018
96,"CLK-Класс",1019
97,"CLS-Класс",1020
98,"CL-Класс",1017
99,"C-Класс",1016
100,"E-Класс",1021
101,"GLK-Класс",1024
102,"GL-Класс",1023
103,"G-Класс",1022
104,"M-Класс",1025
105,"R-Класс",1027
106,"SLK-Класс",1030
107,"SLR-Класс",1031
108,"СЛР-Класс",1031
109,"SL-Класс",1029
110,"S-Класс",1028
111,"V-Класс",1033
112,"GLC",3735
113,"GLE",3719
114,"F",932
115,"Ф",932
116,"Xpower SV",935
117,"Модель xpower SV в",935
118,"MGA",3797
119,"MGB",3791
120,"Pajero iO",1090
121,"Паджеро ио",1090
122,"Town BOX",1105
123,"Поле город",1105
124,"eK",1064
125,"Eighty-Eight",1208
126,"LeMans",1291
127,"Леманс",1291
128,"200 Series",1364
129,"Серия 200",1364
130,"400 Series",1368
131,"400 серий",1368
132,"600 Series",1370
133,"Серия 600",1370
134,"800 Series",1372
135,"Серия 800",1372
136,"CityRover",1373
137,"СитиРове",1373
138,"95",1393
139,"93",1392
140,"PS-10",4192
141,"Sceo",1420
142,"100 Series",4226
143,"105 120",1421
144,"Impreza WRX STi",1455
145,"Wagon R",1497
146,"Вагон Р",1497
147,"XL7",1499
148,"Model S",2247
149,"Модель S",2247
150,"4Runner",1521
151,"4Раннер",1521
152,"Fun Cargo",1572
153,"Удовольствие Груза",1572
154,"RAV4",1610
155,"РАВ4",1610
156,"RegiusAce",1612
157,"Prius v (+)",4373
158,"MR-S",1589
159,"МР-С",1589
160,"FunCargo",1572
161,"Grand HiAce",1574
162,"GT86",4365
163,"S-Series",4464
164,"Eos",1660
165,"ЭОС",1660
166,"Up",4517
167,"До",4517
168,"Karmann-Ghia",4524
169,"240 Series",1691
170,"120 Series",4562
171,"140 Series",1689
172,"260 Series",1692
173,"PICKUP X3",1725
174,"Пикап Х3",1725
175,"GrandTiger",1732
176,"Landmark",1733
177,"Ориентир",1733
178,"1111 Ока",1734
179,"2120 Надежда",1752
180,"2121 (4x4)",2132
181,"М1",1804
182,"12 ЗИМ",1767
183,"13 Чайка",4613
184,"14 Чайка",4614
185,"21 Волга",4615
186,"24 Волга",4619
187,"31029 Волга",4621
188,"Волга 31029",4621
189,"3102 Волга",4620
190,"3105 Волга",4623
191,"Волга 3105",4623
192,"31105 Волга",4625
193,"Волга 31105",4625
194,"3110 Волга",4624
195,"Волга 3110",4624
196,"М-1",1804
197,"22 Волга",4616
198,"2308 «Атаман»",4617
199,"М-20 «Победа»",4631
200,"C-30",4672
201,"3162 ""Simbir""",1873
202,"3159 ""Барс""",1871
203,"Hi-topic",197
204,"quattro",2387
205,"RS2",2389
206,"RS3",2390
207,"RS5",2391
208,"RS7",2392
209,"BJ2020",2434
210,"T-Series",2443
211,"1er",231
212,"2er",2474
213,"2er Active Tourer",2475
214,"2er Grand Tourer",2483
215,"3",232
216,"3er",232
217,"4er",2476
218,"5er",233
219,"6er",234
220,"7er",235
221,"8er",236
222,"Z3M",2456
223,"Z4M",246
224,"LaJoya",2510
225,"E6",2529
226,"DE Ville",286
227,"GEO Storm",333
228,"S10",354
229,"LE Baron",382
230,"AMI",2729
231,"C3 Aircross",2755
232,"C4 Aircross",2732
233,"C4 SpaceTourer",2757
234,"C5 Aircross",2754
235,"V16t",2760
236,"mi-DO",2850
237,"On-do",2845
238,"RAM",524
239,"F12 Berlinetta",2970
240,"X 1-9",611
241,"B-Max",3035
242,"Ecosport",2309
243,"F-250",633
244,"F-350",634
245,"F-series",3078
246,"LC Panda",3138
247,"LC Panda Cross",3139
248,"Coolbear",3151
249,"Civic Type-R",3251
250,"That S",746
251,"EON",3294
252,"IONIQ",3308
253,"FX37",2116
254,"Mu",823
255,"E-type",831
256,"One 1",3458
257,"400 GT",3471
258,"Myway",3527
259,"7 MPV",3567
260,"7 SUV",3571
261,"CJ3",3574
262,"NC640 DP",3577
263,"5EXi",3592
264,"M128",962
265,"B-series",980
266,"Flairwagon",3662
267,"A-klasse",1014
268,"B-klasse",1015
269,"C-klasse",1016
270,"CL-klasse",1017
271,"CLA-klasse",3736
272,"CLC-klasse",1018
273,"CLK-klasse",1019
274,"CLS-klasse",1020
275,"E-klasse",1021
276,"G-klasse",1022
278,"GL-klasse",1023
279,"GLA-klasse",3737
280,"GLB",3744
281,"GLC-klasse",3735
282,"GLC-klasse Coupe",3734
283,"GLE-klasse",3719
284,"GLE-klasse Coupe",3720
285,"GLE-klasse Coupe AMG",3748
286,"GLK-klasse",1024
287,"GLS-klasse",3738
288,"M-klasse",1025
289,"R-klasse",1027
290,"S-klasse",1028
291,"SL-klasse",1029
292,"SLC",3739
294,"SLK-klasse",1030
295,"SLS-klasse AMG",3696
296,"V-klasse",1033
298,"eK Wagon",3817
299,"i-Miev",3818
300,"Xpander",3853
301,"BE-1",3887
302,"DAYZ",3913
303,"Pick UP",1166
304,"Tiida Latio",1190
305,"X-Terra",1197
306,"KWID",4135
307,"ZOE",4126
308,"Sián",5257
309,"ION Red Line",1405
310,"Sl",1411
311,"Brat",4272
312,"Corona Exiv",4401
313,"Master Ace Surf",4434
314,"RAV 4",1610
315,"Regius Ace",1612
316,"Touring Hiace",4439
317,"Will",4440
318,"WiLL VS",1639
319,"New Beetle",1672
320,"300",4555
321,"SEiGHT",4576
322,"12 «ЗИМ»",1767
323,"310221 «Волга»",4629
324,"2126 «Ода»",1831
325,"23632 Pickup",1892
326,"315148",1969
327,"3159 Барс",1871
328,"3162 Simbir",1873
329,"CRUZE",3208
330,"STATESMAN",703
331,"FRONTERA",3209
332,"BARINA",3206
333,"JACKAROO",3210
334,"CALAIS",3207
335,"CAPRICE",701
336,"RODEO",3212
337,"COMMODORE",702
338,"VECTRA",3215
339,"MONARO",3211
340,"ZAFIRA",3216
341,"APOLLO",3204
342,"ASTRA",3205
343,"LA_JOYA",2510
344,"GENEVA",2509
345,"73_S",2485
346,"ML_63_BITURBO",2488
347,"M_V12",2486
348,"XB",1418
349,"FR_S",4197
350,"XA",1417
351,"XD",1419
352,"IM",4199
353,"IA",4200
354,"TC",1416
355,"1_1",4445
356,"LIONCEL",4243
357,"BLENHEIM",2504
358,"FIGHTER",2506
359,"BLENHEIM_SPEEDSTER",2507
360,"ANTELOPE",753
361,"PLUTUS",756
362,"LANDSCAPE",754
363,"SEI_SPORT",4575
364,"VINTAGE",4901
365,"WC",2906
366,"OMNI",523
367,"DW_SERIES",2904
368,"CHARGER",511
369,"MAYFAIR",2907
370,"DART",2873
371,"CHALLENGER",2872
372,"STEALTH",527
373,"CHARGER_DAYTONA",2902
374,"ARIES",2871
375,"SHADOW",525
376,"RAIDER",2895
377,"SPIRIT",526
378,"DAYTONA",513
379,"DIPLOMAT",2887
380,"NITRO",522
381,"CARAVAN",510
382,"DURANGO",514
383,"DYNASTY",515
384,"STRATUS",528
385,"RAMCHARGER",2874
386,"NEON",521
387,"INTREPID",517
388,"VIPER",529
389,"DAKOTA",512
390,"CALIBER",509
391,"AVENGER",508
392,"JOURNEY",518
393,"MONACO",520
394,"MAGNUM",519
395,"LANCER",2875
396,"SARIR",3340
397,"SAMAND",812
398,"PAYKAN",3335
399,"SOREN",3336
400,"RUNNA",3339
401,"DENA",3338
402,"PATRIOT",4682
403,"HUNTER",4681
404,"PICKUP",4683
405,"VIEWT",3870
406,"LIKE",3865
407,"RYOGA",3869
408,"OROCHI",3867
409,"MC_1",3874
410,"GALUE",1109
411,"LE_SEYDE",1110
412,"YUGA",3871
413,"GALUE_204",3863
414,"RAY",3868
415,"NOUERA",3866
416,"HIMIKO",3864
417,"CLUB",3690
418,"MONTE_CARLO",3691
419,"TRACK",3692
420,"N_WGN",3275
421,"ACCORD",704
422,"LAGREAT",725
423,"FIT_SHUTTLE",3261
424,"FCX_CLARITY",3243
425,"STREAM",745
426,"QUINT",3249
427,"S_MX",739
428,"LIFE",727
429,"FR_V",718
430,"ASCOT",706
431,"MOBILIO_SPIKE",3262
432,"HORIZON",3274
433,"SHUTTLE",742
434,"CIVIC_FERIO",3239
435,"LEGEND",726
436,"FREED",3245
437,"VEZEL",3250
438,"ZEST",752
439,"SABER",741
440,"CIVIC",712
441,"TORNEO",748
442,"INSIGHT",721
443,"THATS",746
444,"DOMANI",715
445,"PASSPORT",734
446,"VAMOS",749
447,"CIVIC_TYPE_R",3251
448,"INTEGRA",723
449,"GRACE",3273
450,"PILOT",735
451,"INTEGRA_SJ",3246
452,"ELYSION",717
453,"FIT",719
454,"CITY",711
455,"BEAT",3238
456,"JAZZ",724
457,"ELEMENT",716
458,"HR_V",720
459,"CONCERTO",713
460,"BRIO",3259
461,"N_BOX",3265
462,"FIT_ARIA",3244
463,"AIRWAVE",705
464,"LOGO",728
465,"ASCOT_INNOVA",3253
466,"CROSSROAD",3241
467,"CAPA",710
468,"TODAY",747
469,"VIGOR",750
470,"ACTY",3252
471,"EDIX",3242
472,"INSPIRE",722
473,"CROSSTOUR",2310
474,"BALLADE",3258
475,"N_ONE",3266
476,"MOBILIO",729
477,"ODYSSEY",731
478,"AVANCIER",707
479,"STREET",3276
480,"CR_Z",3240
481,"CR_X",709
482,"ORTHIA",732
483,"CR_V",708
484,"PARTNER",733
485,"RAFAGA",737
486,"PRELUDE",736
487,"RIDGELINE",738
488,"GHOST",4157
489,"PHANTOM",1360
490,"SILVER_SERAPH",1361
491,"WRAITH",4158
492,"SILVER_GHOST",4164
493,"SILVER_CLOUD",4159
494,"SILVER_SHADOW",4160
495,"CORNICHE",1358
496,"SILVER_WRAITH",4161
497,"CAMARGUE",4163
498,"PARK_WARD",1359
499,"DAWN",4167
500,"20_25",4169
501,"SILVER_SPUR",1362
502,"7_MPV",3567
503,"U6_TURBO",3572
504,"7_SUV",3571
505,"U7_TURBO",3569
506,"SPORTSTER",3593
507,"PINZGAUER",4101
508,"G_MODELL",4100
509,"MARINA",3884
510,"EIGHT",3885
511,"ROADSTER",4697
512,"BIPPER",4008
513,"TRAVELLER",4015
514,"205_GTI",4009
515,"308_GTI",4012
516,"208_GTI",4010
517,"EXPERT",1271
518,"ION",4011
519,"PARTNER",1272
520,"ZERO",4341
521,"2000_C_CS",2457
522,"3_15",2458
523,"NEW_CLASS",2469
524,"I8",2451
525,"X6_M",2455
526,"I3",2450
527,"2ACTIVETOURER",2475
528,"X5_M",2454
529,"Z4_M",246
530,"2GRANDTOURER",2483
531,"BEAST",4735
532,"METRO",1376
533,"STREETWISE",1378
534,"MAESTRO",1375
535,"MINI",1377
536,"MADISON",4917
537,"M_72",4628
538,"VOLGA_SIBER",1806
539,"3103_VOLGA",4622
540,"2308_ATAMAN",4617
541,"M1",1804
542,"M_20",1805
543,"2330_TIGR",4618
544,"CAYMAN_GT4",4074
545,"918_SPYDER",4073
546,"CAYMAN",1312
547,"CAYENNE",1311
548,"911_R",4078
549,"911_GT2",4071
550,"911_GT3",4072
551,"718_CAYMAN",5488
552,"BOXSTER",1309
553,"718_BOXSTER",5487
554,"PANAMERA",2034
555,"CARRERA_GT",1310
556,"MACAN",2319
557,"PICKUP_X3",1725
558,"SUV_X3",1727
559,"SR_V_X3",1726
560,"GRANTA",2297
561,"LARGUS",4608
562,"2131_4X4",4612
563,"REVOLUTION",5670
564,"ELLADA",5664
566,"KALINA",1764
567,"CENTURY",1513
568,"METROCAB_II_TTT",3782
569,"EADO",2577
570,"CM_8",2580
571,"ALSVIN_V7",2585
572,"RAETON",2578
573,"Z_SHINE",2579
574,"BENNI",2575
575,"GHIBLI",958
576,"BITURBO",3606
577,"MEXICO",3615
578,"INDY",3609
579,"MERAK",3614
580,"4200_GT",3604
581,"CHUBASCO",3608
582,"KYALAMI",3612
583,"KHAMSIN",3611
584,"KARIF",3610
585,"ROYALE",3616
586,"BORA",3607
587,"3200GT",955
588,"LEVANTE",2323
589,"QUATTROPORTE",963
590,"SHAMAL",3617
591,"GRAN_TURISMO",961
592,"BARCHETTA_STRADALE",3605
593,"FLYER",252
594,"240_SERIES",1691
595,"LAPLANDER",4557
596,"300_SERIES",4555
597,"V90_CROSS_COUNTRY",4569
598,"120_SERIES",4562
599,"V60_CROSS_COUNTRY",4561
600,"S60_CROSS_COUNTRY",4560
601,"QQME",2620
602,"KIMO",303
603,"TIGGO",307
604,"BONUS",2590
605,"CROSS_EASTAR",2591
606,"FORA",302
607,"ORIENTAL_SON",2593
608,"AMULET",298
609,"VERY",2594
610,"TIGGO_2",2613
611,"ARRIZO7",2597
612,"TIGGO_5",2596
613,"WINDCLOUD",308
614,"INDIS",2592
615,"TIGGO_3",2614
616,"S1_REIN",3391
617,"S_3",3383
618,"REFINE",3380
619,"EXELERO",3624
620,"E_PACE",3401
621,"MARK_2",3403
622,"X_TYPE",834
623,"I_PACE",3402
624,"F_PACE",3398
625,"S_TYPE",832
626,"F_TYPE",3394
627,"E_TYPE",831
628,"EXA",3939
629,"LAFESTA",2312
630,"PRIMERA",1172
631,"ELGRAND",1141
632,"NAVARA",1160
633,"MICRA",1155
634,"ALMERA",1123
635,"EXPERT",1142
636,"TINO",1191
637,"JUKE",2227
638,"JUKE_NISMO",3905
639,"MISTRAL",1156
640,"CEFIRO",1134
641,"TIIDA",1189
642,"BLUEBIRD",1130
643,"KIX",3920
644,"LIVINA",3925
645,"FAIRLADY_Z",3890
646,"SKYLINE",1183
647,"FUGA",2234
648,"NX_COUPE",5459
649,"PATROL",1165
650,"PRESEA",1169
651,"RNESSA",1176
652,"CLIPPER_RIO",3937
653,"VERSA",1194
654,"FIGARO",3891
655,"LARGO",1146
656,"URVAN",3904
657,"MARCH",1152
658,"PRIMASTAR",1171
659,"ROOX",3900
660,"NV350_CARAVAN",5458
661,"QUEST",1175
662,"PAO",3897
663,"LIBERTY",1149
664,"SAFARI",1179
665,"PULSAR",1173
666,"LEAF",3894
667,"DUALIS",3889
668,"DATSUN",1140
669,"BLUEBIRD_SYLPHY",1131
670,"CREW",1138
671,"HOMY",3916
672,"WINGROAD",1195
673,"LIBERTA_VILLA",3924
674,"PIXO",3899
675,"CEDRIC",1133
676,"LATIO",3922
677,"ROGUE",1178
678,"CHERRY",1135
679,"SUNNY",1186
680,"MURANO",1158
681,"PRESIDENT",1170
682,"GT_R",3892
683,"ALTIMA",1126
684,"STAGEA",1184
685,"TEANA",1187
686,"SKYLINE_CROSSOVER",3901
687,"TERRANO",1188
688,"PRESAGE",1168
689,"ALMERA_CLASSIC",1124
690,"PATHFINDER",1163
691,"SILVIA",1182
692,"STANZA",1185
693,"BE_1",3887
694,"BASSARA",1129
695,"TERRANO_REGULUS",3941
696,"GLORIA",1145
697,"SERENA",1181
698,"XTERRA",1197
699,"RASHEEN",1177
700,"ARMADA",1127
701,"OTTI",1162
702,"LUCINO",1151
703,"TITAN",1192
704,"LEOPARD",1148
705,"SENTRA",1180
706,"PRAIRIE",1167
707,"CLIPPER",3888
708,"CUBE",1139
709,"X_TRAIL",1196
710,"CIMA",1136
711,"ALMERA_TINO",1125
712,"BLUEBIRD_MAXIMA",3936
713,"LAUREL",1147
714,"PINO",3898
715,"QASHQAI",1174
716,"VANETTE",1193
717,"AVENIR",1128
718,"NOTE",1161
719,"LANGLEY",3893
720,"HYPERMINI",3918
721,"MOCO",1157
722,"MAXIMA",1153
723,"PICK_UP",2777
724,"DUSTER",2765
725,"SUPERNOVA",2779
726,"LOGAN",429
727,"NOVA",430
728,"DOKKER",2764
729,"LODGY",2766
730,"SANDERO",2767
731,"SOLENZA",2768
732,"ALTO",3599
733,"BALENO",3600
734,"OMNI",952
735,"ZEN",953
736,"WAGON_R",3602
737,"GYPSY",951
738,"ESTEEM",950
739,"VERSA",3601
740,"ZAZ_LANOS",4644
741,"VIDA",4643
742,"CHANCE",2301
743,"SENS",1819
744,"FORZA",4642
745,"BRAVADA",1201
746,"CUTLASS",1202
747,"SILHOUETTE",1212
748,"CUTLASS_CALAIS",1203
749,"EIGHTY_EIGHT",1208
750,"CUTLASS_CIERA",1204
751,"NINETY_EIGHT",3946
752,"AURORA",1200
753,"CUTLASS_SUPREME",1206
754,"TORONADO",3947
755,"INTRIGUE",1209
756,"ALERO",1199
757,"ACHIEVA",1198
758,"OMEGA",1211
759,"FIRENZA",3954
760,"IVAN_KALITA",4661
761,"SVYATOGOR",1860
762,"DUET",4660
763,"KNYAZ_VLADIMIR",1859
764,"OPTIMA",865
765,"CADENZA",3421
766,"VENGA",2255
767,"FORTE",3431
768,"ELAN",858
769,"STINGER",3441
770,"PRIDE",869
771,"SORENTO",875
772,"STONIC",3442
773,"QUORIS",2313
774,"SOUL",2139
775,"SPORTAGE",877
776,"RIO",871
777,"MENTOR",3447
778,"CEED_GT",3444
779,"AVELLA",850
780,"POTENTIA",867
781,"CERATO",855
782,"RAY",3425
783,"MAGENTIS",863
784,"JOICE",861
785,"CARENS",852
786,"SPECTRA",876
787,"VISTO",878
788,"MORNING",3437
789,"CAPITAL",3422
790,"SHUMA",874
791,"CARSTAR",3429
792,"CLARUS",856
793,"CEED",854
794,"RETONA",870
795,"CARNIVAL",853
796,"CONCORD",3423
797,"SEPHIA",873
798,"OPIRUS",864
799,"PREGIO",868
800,"LOTZE",3436
801,"SEDONA",872
802,"ENTERPRISE",859
803,"QUANLIMA",3448
804,"PICANTO",866
805,"NIRO",3426
806,"TOWNER",3440
807,"X_TREK",879
808,"NEXIA_R3",4772
809,"MATIZ",4768
810,"GENTRA",4767
811,"TROPICA_ROADSTER",4693
812,"SAHIN",1518
813,"SERCE",1519
814,"MURAT_124",4350
815,"MURAT_131",4359
816,"KARTAL",1517
817,"ARENA",4096
818,"EXORA",4084
819,"PERSONA",1315
820,"PERDANA",4088
821,"INSPIRA",4086
822,"SAGA",4091
823,"WIRA",5491
824,"PUTRA",1316
825,"SAVVY",4097
826,"JUARA",4087
827,"SATRIA",1317
828,"WAJA",4092
829,"GEN_2",4085
830,"TIARA",4098
831,"PREVE",4090
832,"MARBELLA",1388
833,"MALAGA",4203
834,"CORDOBA",1382
835,"ARONA",4222
836,"EXEO",1383
837,"ALHAMBRA",1379
838,"ATECA",4208
839,"LEON",1387
840,"IBIZA",1385
841,"AROSA",1381
842,"ALTEA",1380
843,"LEON_CUPRA",4206
844,"TOLEDO",1389
845,"MII",4207
846,"IBIZA_CUPRA",4205
847,"FURA",4202
848,"RONDA",4204
849,"HANSA_1100",4765
850,"ENZO",561
851,"512_TR",2965
852,"CALIFORNIA",2969
853,"512M",555
854,"DINO_246_GT",2992
855,"PORTOFINO",2983
856,"FXX_K",2975
857,"GTC4LUSSO",2976
858,"612_SCAGLIETTI",560
859,"DINO_206_GT",2990
860,"360_MODENA",550
861,"LAFERRARI",2973
862,"MONDIAL",2974
863,"812_SUPERFAST",2982
864,"250_GTO",2986
865,"575_MARANELLO",558
866,"512_BB",2964
867,"F12BERLINETTA",2970
868,"TESTAROSSA",571
869,"BD_1322",2432
870,"H30_CROSS",2923
871,"RICH",2912
872,"OTING",2911
873,"MANGUSTA",2866
874,"VALLELUNGA",2867
875,"PANTERA",498
876,"BIGUA",2865
877,"GUARA",497
878,"124_SPORT_SPIDER",3031
879,"MULTIPLA",595
880,"MAREA",594
881,"124_SPIDER",3030
882,"SEDICI",602
883,"DOBLO",587
884,"COUPE",585
885,"SCUDO",601
886,"ARGENTA",3002
887,"FREEMONT",2302
888,"QUBO",3003
889,"ALBEA",580
890,"LINEA",593
891,"TIPO",608
892,"BRAVA",582
893,"RITMO",600
894,"BRAVO",583
895,"PUNTO",598
896,"PALIO",596
897,"STILO",605
898,"SIENA",604
899,"ULYSSE",609
900,"CROMA",586
901,"REGATA",599
902,"DUNA",589
903,"SEICENTO",603
904,"IDEA",592
905,"BARCHETTA",581
906,"TEMPRA",607
907,"UNO",610
908,"CINQUECENTO",584
909,"FULLBACK",3028
910,"STRADA",606
911,"X_1_9",611
912,"FIORINO",590
913,"PANDA",597
914,"SUMMIT",534
915,"PREMIER",2931
916,"VISION",536
917,"TALON",535
918,"PATRIOT",847
919,"RENEGADE",2311
920,"GRAND_WAGONEER",3411
921,"CHEROKEE",842
922,"WRANGLER",848
923,"GRAND_CHEROKEE",845
924,"COMPASS",844
925,"COMMANDER",843
926,"HORNET",4779
927,"ADMIRAL",1514
928,"AMBASSADOR",3200
929,"CONTESSA",3201
930,"KARMA",3034
931,"SEVEN",2573
932,"ISTANA",1441
933,"ACTYON",1438
934,"STAVIC",4250
935,"CHAIRMAN",1440
936,"KYRON",1444
937,"KORANDO_SPORTS",4251
938,"KORANDO_FAMILY",1443
939,"NOMAD",4252
940,"RODIUS",1448
941,"REXTON",1447
942,"KORANDO",1442
943,"ACTYON_SPORT",1439
944,"KALLISTA",4249
945,"KORANDO_TURISMO",4254
946,"MUSSO",1445
947,"TIVOLI",4253
948,"ESCALADE",288
949,"CATERA",284
950,"SERIES_62",2553
951,"FLEETWOOD",289
952,"BROUGHAM",2546
953,"DE_VILLE",286
954,"SEVILLE",292
955,"SIXTY_SPECIAL",2548
956,"ATS_V",2552
957,"ALLANTE",2544
958,"CTS_V",2551
959,"ELDORADO",287
960,"BAODIAN",829
961,"STORM",3144
962,"TRACKER",684
963,"PRIZM",682
964,"METRO",3142
965,"SPECTRUM",3143
966,"PALETTE",4289
967,"CAPPUCCINO",1473
968,"VERONA",1495
969,"WAGON_R",1497
970,"SOLIO",1491
971,"ESCUDO",1476
972,"JIMNY",1483
973,"VITARA",1496
974,"ALTO_LAPIN",4311
975,"GRAND_VITARA",1481
976,"BALENO",1472
977,"SPACIA",4290
978,"SPLASH",1492
979,"EVERY",1478
980,"CARRY",4294
981,"SWIFT",1493
982,"X_90",1498
983,"KIZASHI",4286
984,"IGNIS",1482
985,"XL_7",1499
986,"MR_WAGON",4288
987,"RENO",1487
988,"LIANA",1486
989,"AERIO",1470
990,"ERTIGA",4285
991,"ESTEEM",1477
992,"CULTUS",1474
993,"CARA",4312
994,"ALTO",1471
995,"KEI",1484
996,"SAMURAI",1489
997,"EQUATOR",1475
998,"LANDY",4287
999,"TWIN",1494
1000,"FORENZA",1479
1001,"CELERIO",4291
1002,"HUSTLER",4309
1003,"LUPO",1670
1004,"GOLF",1664
1005,"POLO_GTI",4521
1006,"PHAETON",1676
1007,"GOLF_R",4520
1008,"SCIROCCO",1681
1009,"PASSAT_CC",1675
1010,"GOLF_COUNTRY",4513
1011,"CALIFORNIA",1654
1012,"JETTA",1667
1013,"BEETLE",1651
1014,"POLO",1678
1015,"SCIROCCO_R",4523
1016,"LUPO_GTI",4551
1017,"BORA",1652
1018,"VENTO",1688
1019,"GOLF_R32",4527
1020,"ROUTAN",4515
1021,"TYPE_4",4516
1022,"SHARAN",1682
1023,"POLO_R_WRC",4522
1024,"QUANTUM",1679
1025,"PARATI",1673
1026,"PASSAT",1674
1027,"T_ROC",4542
1028,"KARMANN_GHIA",4524
1029,"GOL",1663
1030,"SANTANA",1680
1031,"CARAVELLE",1656
1032,"TIGUAN",1684
1033,"FOX",1662
1034,"TYPE_3",4552
1035,"TERAMONT",2320
1036,"TYPE_1",4526
1037,"TOUAREG",1685
1038,"DERBY",4512
1039,"GOLF_GTI",4519
1040,"MULTIVAN",1671
1041,"TOURAN",1686
1042,"TARO",1683
1043,"GOLF_PLUS",1665
1044,"GOLF_SPORTSVAN",4548
1045,"CORRADO",1657
1046,"CADDY",1653
1047,"AMAROK",2308
1048,"TYPE_2",4525
1049,"ILTIS",1666
1050,"TRANSPORTER",1687
1051,"POINTER",1677
1052,"ARTEON",4541
1053,"TROY",3150
1054,"KONDOR",531
1055,"ORION",532
1056,"ASSOL",530
1057,"REVENTON",3466
1058,"MURCIELAGO",885
1059,"DIABLO",881
1060,"HURACAN",3462
1061,"350_400_GT",3478
1062,"JARAMA",3464
1063,"VENENO",3468
1064,"URUS",3476
1065,"URRACO",3467
1066,"SILHOUETTE",3474
1067,"JALPA",3463
1068,"GALLARDO",883
1069,"SESTO_ELEMENTO",3469
1070,"ISLERO",3472
1071,"MIURA",3473
1072,"ESPADA",882
1073,"AVENTADOR",3461
1074,"COUNTACH",880
1075,"EGOISTA",3479
1076,"SAFRANE",1350
1077,"VEL_SATIS",1356
1078,"FLORIDE",4139
1079,"TALISMAN",4133
1080,"CLIO",1331
1081,"SANDERO_RS",4134
1082,"CLIO_V6",4130
1083,"TWIZY",4124
1084,"KAPTUR",2303
1085,"FLUENCE",1885
1086,"KANGOO",1337
1087,"SCENIC",1351
1088,"DOKKER",4127
1089,"ESPACE",1332
1090,"ALASKAN",4155
1091,"MEGANE",1344
1092,"VIVASTELLA",4141
1093,"LODGY",4128
1094,"TWINGO",1355
1095,"CARAVELLE",4137
1096,"CLIO_RS",4129
1097,"KOLEOS",1338
1098,"KADJAR",4132
1099,"RODEO",4122
1100,"FREGATE",4140
1101,"MEGANE_RS",4131
1102,"DAUPHINE",4138
1103,"SPORT_SPYDER",1352
1104,"DUSTER",2121
1105,"LAGUNA",1339
1106,"FUEGO",1334
1107,"TRAFIC",1354
1108,"LOGAN",1340
1109,"MODUS",1346
1110,"AVANTIME",1330
1111,"LATITUDE",4121
1112,"SANDERO",2221
1113,"WIND",4125
1114,"CELTA",319
1115,"TRAVERSE",2638
1116,"SAIL",2635
1117,"TRANSSPORT",365
1118,"COBALT",322
1119,"CITATION",2628
1120,"ORLANDO",2307
1121,"BERETTA",313
1122,"C_10",2625
1123,"CAPRICE",316
1124,"VENTURE",369
1125,"TRACKER",363
1126,"LUMINA_APV",2631
1127,"CORVAIR",2659
1128,"CHEVELLE",2645
1129,"ZAFIRA",371
1130,"CRUZE_HR",2629
1131,"SILVERADO",358
1132,"TACUMA",2684
1133,"METRO",344
1134,"LUMINA",341
1135,"EVANDA",331
1136,"EQUINOX",330
1137,"AVEO",312
1138,"CLASSIC",321
1139,"NUBIRA",2634
1140,"CORVETTE",327
1141,"AVALANCHE",311
1142,"REZZO",353
1143,"MASTER",2695
1144,"CAPTIVA",317
1145,"MALIBU",342
1146,"CAVALIER",318
1147,"SPECIAL_DELUXE",2643
1148,"SPARK",359
1149,"DELUXE",2648
1150,"OMEGA",350
1151,"SUBURBAN",361
1152,"CORSICA",326
1153,"CK",2647
1154,"CRUZE",328
1155,"VAN",367
1156,"COLORADO",323
1157,"LUV_DMAX",2632
1158,"S_10",354
1159,"VECTRA",368
1160,"CELEBRITY",2626
1161,"KALOS",2630
1162,"FLEETMASTER",2646
1163,"PRIZM",351
1164,"VOLT",2639
1165,"LANOS",340
1166,"BOLT",2644
1167,"TAHOE",362
1168,"EL_CAMINO",2641
1169,"BEL_AIR",1945
1170,"VIVA",370
1171,"BLAZER",314
1172,"MONTE_CARLO",346
1173,"CHEVETTE",2627
1174,"TAVERA",2637
1175,"UPLANDER",366
1176,"EXPRESS",332
1177,"MONZA",347
1178,"TRAILBLAZER",364
1179,"CORSA",325
1180,"ASTRO",310
1181,"CAMARO",315
1182,"ALERO",309
1183,"SONIC",2636
1184,"NIVA",348
1185,"EPICA",329
1186,"STARCRAFT",360
1187,"IMPALA",336
1188,"LACETTI",339
1189,"ASTRA",2623
1190,"CEBRIUM",3521
1191,"SOLANO",3524
1192,"SMILY",3523
1193,"MURMAN",3528
1194,"CELLIYA",3522
1195,"BREEZ",914
1196,"ZONDA",1245
1197,"HUAYRA",3985
1198,"STAG",4454
1199,"SPITFIRE",4456
1200,"EVASION",411
1201,"C4_AIRCROSS",2732
1202,"E_MEHARI",2758
1203,"DYANE",2736
1204,"C3_PICASSO",2731
1205,"XANTIA",418
1206,"XSARA_PICASSO",420
1207,"C4_CACTUS",2733
1208,"SPACETOURER",2756
1209,"C_ELYSEE",2730
1210,"C4_PICASSO",406
1211,"JUMPY",414
1212,"C_QUATRE",2747
1213,"NEMO",2752
1214,"C_ZERO",2738
1215,"SAXO",415
1216,"VISA",416
1217,"XSARA",419
1218,"TRACTION_AVANT",2739
1219,"C3_AIRCROSS",2755
1220,"BERLINGO",397
1221,"C_TRIOMPHE",399
1222,"2CV",2728
1223,"C_CROSSER",398
1224,"ROADSTER",4719
1225,"ESTRIMA_BIRO",5129
1226,"XPOWER_SV",935
1227,"METRO",3790
1228,"MAESTRO",3789
1229,"MIDGET",933
1230,"MONTEGO",3792
1231,"SPYDER",3345
1232,"IMPERATOR_108I",3346
1233,"COMMENDATORE_112I",3343
1234,"MANGUSTA",4110
1235,"FREECLIMBER",2445
1236,"CHERRY",2843
1237,"SUNNY",2847
1238,"STANZA",2846
1239,"URVAN",2849
1240,"ON_DO",2845
1241,"VIOLET",2848
1242,"MI_DO",2850
1243,"BLUEBIRD",2842
1244,"ROAD_PARTNER",4675
1245,"AQUILA",4671
1246,"TAGER",4676
1247,"PORTER",4027
1248,"EUROPA",927
1249,"EXIGE",928
1250,"ESPRIT",926
1251,"EXCEL",3558
1252,"EUROPA_S",3556
1253,"ELAN",3554
1254,"ELISE",925
1255,"ECLAT",3553
1256,"ELITE",3555
1257,"EVORA",3557
1258,"CORDA",4571
1259,"ESTINA",1722
1260,"TINGO",4572
1261,"CONCEPT_ONE",4739
1262,"C_TWO",4738
1263,"PROWLER",387
1264,"300_LETTER_SERIES",2724
1265,"STRATUS",390
1266,"TOWN_AND_COUNTRY",2703
1267,"NEW_YORKER",384
1268,"NEWPORT",2720
1269,"DYNASTY",2698
1270,"VOYAGER",394
1271,"IMPERIAL_CROWN",2704
1272,"CORDOBA",2707
1273,"IMPERIAL",2700
1274,"VISION",393
1275,"NEON",383
1276,"CROSSFIRE",377
1277,"SEBRING",389
1278,"FIFTH_AVENUE",2699
1279,"VIPER",392
1280,"NASSAU",2701
1281,"TC_BY_MASERATI",2726
1282,"INTREPID",380
1283,"ASPEN",374
1284,"CONCORDE",376
1285,"SARATOGA",388
1286,"PACIFICA",386
1287,"PT_CRUISER",385
1288,"LE_BARON",382
1289,"WINDSOR",2708
1290,"CIRRUS",375
1291,"ADMIRAL",4600
1292,"GRAND_TIGER",1732
1293,"MINI",3331
1294,"MILLE",3330
1295,"ELBA",3329
1296,"9_4X",4185
1297,"9_5",1393
1298,"SONETT",4189
1299,"9_3",1392
1300,"9_2X",4184
1301,"9_7X",1394
1302,"X_300",2828
1303,"X_308",2829
1304,"SOVEREIGN",5119
1305,"X_350",2830
1306,"DS_420",2826
1307,"HOVER_M4",3157
1308,"COWRY",3152
1309,"HOVER_M2",3156
1310,"HOVER_M1",5175
1311,"PERI",691
1312,"SAFE",693
1313,"DEER",688
1314,"FLORID",3153
1315,"SAILOR",694
1316,"PEGASUS",690
1317,"VOLEEXC10",3160
1318,"SOCOOL",3159
1319,"SING",695
1320,"HOVERH3",3154
1321,"HOVERH5",3162
1322,"VOLEEXC30",3164
1323,"HOVERH6",3163
1324,"S3D",4668
1325,"S3A",4670
1326,"ATOM",2361
1327,"SPIDER",182
1328,"MITO",181
1329,"ALFETTA",176
1330,"GIULIETTA",180
1331,"SPRINT",2339
1332,"STELVIO",2352
1333,"DISCO_VOLANTE",2341
1334,"ALFASUD",175
1335,"8C_COMPETIZIONE",173
1336,"GIULIA",2335
1337,"BRERA",177
1338,"105_115",2343
1339,"ARNA",2334
1340,"MONTREAL",2337
1341,"127P",3107
1342,"125_P",3105
1343,"126P",3106
1344,"POLONEZ",542
1345,"132P",3108
1346,"NOBLE",4224
1347,"VIRGO",3805
1348,"MGO",3802
1349,"TUNLAND",3102
1350,"SAUVANA",3103
1351,"MIDI",3101
1352,"260_LM",4508
1353,"400_GT",4510
1354,"300_ATLANTIQUE",4509
1355,"OUTLOOK",1408
1356,"RELAY",4193
1357,"SKY",1414
1358,"AURA",1403
1359,"ASTRA",1402
1360,"CORSA_OPC",3965
1361,"FRONTERA",1223
1362,"CAMPO",1220
1363,"CALIBRA",1219
1364,"TIGRA",1239
1365,"SIGNUM",1236
1366,"AGILA",1214
1367,"SENATOR",1235
1368,"INSIGNIA_OPC",3966
1369,"COMBO",1221
1370,"SINTRA",1237
1371,"ADMIRAL",1213
1372,"KARL",3970
1373,"KADETT",1226
1374,"OLYMPIA",3971
1375,"DIPLOMAT",3963
1376,"MANTA",1227
1377,"KAPITAN",3972
1378,"MOKKA",2251
1379,"VIVARO",1242
1380,"ADAM",3959
1381,"VECTRA",1240
1382,"GRANDLAND_X",3980
1383,"OMEGA",1233
1384,"SUPER_SIX",3981
1385,"INSIGNIA",1225
1386,"MERIVA_OPC",3967
1387,"SPEEDSTER",1238
1388,"ANTARA",1215
1389,"CASCADA",3961
1390,"ASTRA_OPC",3964
1391,"ZAFIRA",1243
1392,"VITA",1241
1393,"MONTEREY",1229
1394,"ASCONA",1217
1395,"CROSSLAND_X",3979
1396,"ZAFIRA_OPC",3969
1397,"REKORD",1234
1398,"MONZA",1230
1399,"ASTRA",1218
1400,"COMMODORE",3962
1401,"VECTRA_OPC",3968
1402,"MERIVA",1228
1403,"CORSA",1222
1404,"AMPERA",3960
1405,"CABRIOLET",217
1406,"COUPE",2385
1407,"TT_RS",2396
1408,"NSU_RO_80",2386
1409,"ALLROAD",2384
1410,"A4_ALLROAD",2383
1411,"RSQ3",2388
1412,"TYP_R",2400
1413,"DMC_12",2870
1414,"1_3",4573
1415,"LM500",3588
1416,"MARCASITE",3589
1417,"LM400",3587
1418,"VELOSTER",3288
1419,"PONY",782
1420,"IX55",2205
1421,"I20",2250
1422,"EXCEL",3282
1423,"COUPE",765
1424,"GENESIS_COUPE",3283
1425,"LAVITA",778
1426,"TUSCANI",794
1427,"VERNA",796
1428,"SONATA",788
1429,"VERACRUZ",795
1430,"AVANTE",762
1431,"GENESIS",771
1432,"I30_N",3311
1433,"IX35",1899
1434,"LANTRA",777
1435,"SOLARIS",2168
1436,"MATRIX",780
1437,"MARCIA",779
1438,"H_1_STAREX",774
1439,"AZERA",763
1440,"DYNASTY",766
1441,"STELLAR",3287
1442,"SANTA_FE",785
1443,"GETZ",772
1444,"TRAJET",792
1445,"KONA",3307
1446,"CLICK",3293
1447,"EQUUS",3281
1448,"IX20",3284
1449,"GALLOPER",770
1450,"ATOS",761
1451,"I30",799
1452,"I10",798
1453,"TIBURON",791
1454,"STAREX",3304
1455,"ASLAN",3290
1456,"CENTENNIAL",764
1457,"ENTOURAGE",768
1458,"TERRACAN",790
1459,"ACCENT",760
1460,"GRACE",3289
1461,"TUCSON",793
1462,"MAXCRUZ",3285
1463,"SANTAMO",787
1464,"I40",2284
1465,"ELANTRA",767
1466,"CRETA",2304
1467,"GRANDEUR",773
1468,"LAPUTA",3641
1469,"EUNOS_500",3638
1470,"AUTOZAM_AZ1",5341
1471,"AZ_WAGON",979
1472,"EFINI_MS_8",988
1473,"RX_7",1005
1474,"CAPELLA",985
1475,"PREMACY",1001
1476,"3MPS",3649
1477,"AXELA",3629
1478,"MX_6",998
1479,"MILLENIA",999
1480,"ETUDE",3660
1481,"TRIBUTE",1009
1482,"XEDOS_6",1011
1483,"MX_5",997
1484,"NAVAJO",3643
1485,"EUNOS_800",3639
1486,"LUCE",3642
1487,"SPIANO",3648
1488,"DEMIO",987
1489,"PROCEED_MARVIE",3677
1490,"FAMILIA",989
1491,"AZ_OFFROAD",3631
1492,"FLAIR",3661
1493,"MX_3",996
1494,"XEDOS_9",1012
1495,"R_360",3669
1496,"PROCEED",1002
1497,"EUNOS_100",3653
1498,"SCRUM",1007
1499,"CRONOS",3634
1500,"PROTEGE",1003
1501,"B_SERIES",980
1502,"VERISA",1010
1503,"PROCEED_LEVANTE",3645
1504,"EUNOS_300",3637
1505,"BONGO_FRIENDEE",982
1506,"ATENZA",978
1507,"EFINI_MS_6",3635
1508,"EUNOS_COSMO",3640
1509,"EFINI_MS_9",3636
1510,"BIANTE",3632
1511,"ROADSTER",3647
1512,"BT_50",981
1513,"COSMO",3652
1514,"BONGO",3633
1515,"PERSONA",3644
1516,"LANTIS",991
1517,"REVUE",3646
1518,"6_MPS",3650
1519,"FLAIR_CROSSOVER",3673
1520,"SENTIA",1008
1521,"CX_3",3651
1522,"CX_5",2274
1523,"CX_7",983
1524,"CX_8",3676
1525,"CX_9",984
1526,"CAROL",986
1527,"RX_8",1006
1528,"CHANTEZ",3657
1529,"REKORD",4919
1530,"FREELANDER",901
1531,"RANGE_ROVER",902
1532,"RANGE_ROVER_VELAR",3502
1533,"RANGE_ROVER_SPORT",903
1534,"DISCOVERY_SPORT",3501
1535,"SERIES_I",3498
1536,"DEFENDER",899
1537,"SERIES_III",3503
1538,"SERIES_II",3499
1539,"DISCOVERY",900
1540,"FIREFLITE",4746
1541,"FIREDOME",4745
1542,"CUSTOM",4747
1543,"MONTEREY",3762
1544,"MOUNTAINEER",1044
1545,"VILLAGER",1049
1546,"MYSTIQUE",1045
1547,"MILAN",1043
1548,"COUGAR",1040
1549,"CAPRI",3758
1550,"EIGHT",3763
1551,"SABLE",1046
1552,"TOPAZ",1047
1553,"MARINER",1042
1554,"GRAND_MARQUIS",1041
1555,"TRACER",1048
1556,"MONTEGO",3761
1557,"MARAUDER",3759
1558,"CLUBMAN",939
1559,"PACEMAN",3812
1560,"COUPE",3810
1561,"ROADSTER",3813
1562,"HATCH",3811
1563,"COUNTRYMAN",3809
1564,"CABRIO",3808
1565,"MARK_VII",3535
1566,"MARK_LT",922
1567,"MARK_IV",3550
1568,"PREMIERE",3545
1569,"MARK_VIII",3536
1570,"CONTINENTAL",917
1571,"MARK_III",3549
1572,"CAPRI",3540
1573,"TOWN_CAR",924
1574,"NAVIGATOR",923
1575,"BLACKWOOD",916
1576,"AVIATOR",915
1577,"PS_10",4192
1578,"S_V8",3415
1579,"INTERCEPTOR",3416
1580,"JIMMY",670
1581,"SONOMA",3146
1582,"VANDURA",676
1583,"SYCLONE",3147
1584,"TERRAIN",3148
1585,"SUBURBAN",674
1586,"ENVOY",669
1587,"CANYON",668
1588,"ACADIA",667
1589,"TYPHOON",675
1590,"SAFARI",3145
1591,"SIERRA",673
1592,"SAVANA",672
1593,"YUKON",677
1594,"BOLIGER",4689
1595,"LAVILLE",4691
1596,"B_21",4690
1597,"2500_GT",3984
1598,"DEX",4258
1599,"BISTRO",4283
1600,"REX",4279
1601,"TREZIA",4262
1602,"DOMINGO",4259
1603,"ALCYONE",4256
1604,"IMPREZA_WRX_STI",1455
1605,"FORESTER",1453
1606,"LIBERO",1459
1607,"PLEO",1461
1608,"LEGACY",1457
1609,"JUSTY",1456
1610,"ASCENT",4282
1611,"IMPREZA",1454
1612,"LEVORG",4267
1613,"DIAS_WAGON",1450
1614,"EXIGA",4260
1615,"STELLA",1466
1616,"LEONE",1458
1617,"LEGACY_LANCASTER",4276
1618,"WRX_STI",4266
1619,"VIVIO",1469
1620,"SAMBAR",1465
1621,"BAJA",1449
1622,"IMPREZA_WRX",4265
1623,"LUCRA",4261
1624,"OUTBACK",1460
1625,"TRAVIQ",1467
1626,"BIGHORN",4271
1627,"FENYR_SUPERSPORT",4783
1628,"LYKAN_HYPERSPORT",4784
1629,"VIVA",4484
1630,"VICEROY",4482
1631,"CHEVETTE",4474
1632,"FIRENZA",4492
1633,"VENTORA",4481
1634,"CARLTON",4472
1635,"ADAM",4469
1636,"VECTRA",4480
1637,"ROYALE",4478
1638,"OMEGA",4477
1639,"ASTRA",4471
1640,"VICTOR",4483
1641,"VOYAGER",1280
1642,"PROWLER",1278
1643,"ACCLAIM",1274
1644,"LASER",1276
1645,"VALIANT",4036
1646,"RELIANT",4037
1647,"ROAD_RUNNER",4035
1648,"CARAVELLE",4031
1649,"NEON",1277
1650,"SUNDANCE",1279
1651,"TURISMO",4032
1652,"FURY",4034
1653,"BREEZE",1275
1654,"HORIZON",4038
1655,"BARRACUDA",4033
1656,"FLYING",296
1657,"RAIDER",1098
1658,"I_MIEV",3818
1659,"CORDIA",3816
1660,"COLT",1058
1661,"EK_SPORT",3862
1662,"ECLIPSE",1065
1663,"CHALLENGER",1056
1664,"PAJERO_IO",1090
1665,"MONTERO_SPORT",1086
1666,"DELICA_D_5",3857
1667,"PAJERO_JUNIOR",1091
1668,"PROUDIA",1096
1669,"SIGMA",1099
1670,"ENDEAVOR",1067
1671,"ATTRAGE",3827
1672,"CHARIOT",1057
1673,"SPACE_RUNNER",1101
1674,"TRITON",1107
1675,"GRANDIS",1073
1676,"CARISMA",1055
1677,"SPACE_STAR",1102
1678,"LIBERO",1081
1679,"JEEP_J",3828
1680,"LANCER_RALLIART",3826
1681,"STARION",3823
1682,"TREDIA",3824
1683,"ASPIRE",1053
1684,"SAPPORO",3822
1685,"STRADA",3830
1686,"LANCER_CARGO",3820
1687,"DIGNITY",3829
1688,"TOWN_BOX",1105
1689,"FREECA",3834
1690,"AIRTREK",1052
1691,"DINGO",1062
1692,"TOPPO",1104
1693,"DION",1063
1694,"ETERNA",1068
1695,"EMERAUDE",1066
1696,"DEBONAIR",1059
1697,"EK_CUSTOM",3860
1698,"EK_ACTIVE",3858
1699,"PAJERO_MINI",1092
1700,"LEGNUM",1080
1701,"LANCER_EVOLUTION",1079
1702,"MINICA",1083
1703,"PAJERO_PININ",1093
1704,"3000_GT",1051
1705,"DELICA_D2",3854
1706,"DELICA_D3",3855
1707,"PAJERO",1089
1708,"ECLIPSE_CROSS",3851
1709,"GALANT",1072
1710,"OUTLANDER",1087
1711,"PISTACHIO",3821
1712,"SPACE_WAGON",1103
1713,"CELESTE",3815
1714,"EK_SPACE",3861
1715,"GALANT_FORTIS",3835
1716,"MONTERO",1085
1717,"MIRAGE",1084
1718,"EK_WAGON",3817
1719,"DELICA",1060
1720,"DIAMANTE",1061
1721,"EK_CLASSIC",3859
1722,"LANCER",1077
1723,"PAJERO_SPORT",1094
1724,"MINICAB",3825
1725,"SPACE_GEAR",1100
1726,"SAVRIN",3843
1727,"PADMINI",4083
1728,"BJ_212",5007
1729,"BJ_2020",2434
1730,"ROADSTER",1724
1731,"YUGO",4589
1732,"FLORIDA",4587
1733,"SKALA",4588
1734,"GRAND_PRIX",1290
1735,"CATALINA",4047
1736,"SUNBIRD",1295
1737,"TORRENT",1297
1738,"VIBE",1300
1739,"GRAND_AM",1289
1740,"SOLSTICE",1294
1741,"PARISIENNE",4045
1742,"TEMPEST",4046
1743,"FIERO",4043
1744,"AZTEK",4042
1745,"TRANS_SPORT",1299
1746,"BONNEVILLE",1282
1747,"TORPEDO",4066
1748,"FIREBIRD",1283
1749,"PHOENIX",1293
1750,"SUNFIRE",1296
1751,"MONTANA",1292
1752,"INDIGO",4321
1753,"ESTATE",4320
1754,"INDICA",1509
1755,"ARIA",4319
1756,"TELCOLINE",4328
1757,"SUMO",4325
1758,"XENON",4326
1759,"SAFARI",4323
1760,"NANO",4322
1761,"SIERRA",4324
1762,"SUMO_GRANDE",4329
1763,"ATRAI",464
1764,"MATERIA",476
1765,"TAFT",2799
1766,"BE_GO",465
1767,"CUORE",470
1768,"TANTO_EXE",2822
1769,"MOVE",480
1770,"MIRA",478
1771,"BEE",2815
1772,"NAKED",481
1773,"TERIOS",490
1774,"MIRA_E_S",2817
1775,"COO",468
1776,"ROCKY",484
1777,"DELTA_WAGON",2816
1778,"MIRA_GINO",2797
1779,"PYZAR",2798
1780,"RUGGER",2802
1781,"TANTO",488
1782,"STORIA",487
1783,"TREVIS",491
1784,"WILDCAT",2800
1785,"COPEN",469
1786,"FEROZA",473
1787,"CERIA",2794
1788,"FELLOW",2818
1789,"XENIA",492
1790,"ESSE",471
1791,"MIDGET_II",5105
1792,"OPTI",482
1793,"CHARADE",467
1794,"GRAN_MOVE",474
1795,"APPLAUSE",463
1796,"SONICA",486
1797,"SIRION",485
1798,"ALTIS",462
1799,"MOVE_LATTE",2801
1800,"MOVE_CONTE",2821
1801,"CHARMANT",2795
1802,"MOVE_CANBUS",2820
1803,"BOON",466
1804,"LEEZA",2796
1805,"VOYAGER",3580
1806,"VERITO",3579
1807,"COMMANDER",944
1808,"NC_640_DP",3577
1809,"CJ_3",3574
1810,"XYLO",3581
1811,"ARMADA",942
1812,"SCORPIO",3578
1813,"MARSHAL",945
1814,"BOLERO",3573
1815,"MODEL_X",4343
1816,"MODEL_3",4344
1817,"MODEL_S",2247
1818,"ROADSTER",4342
1819,"AERO_SUPERSPORTS",3880
1820,"AERO_8",1112
1821,"3_WHEELER",3877
1822,"4_SEATER",3878
1823,"AERO_COUPE",3879
1824,"PLUS_8",1114
1825,"ROADSTER",3882
1826,"AEROMAX",3881
1827,"4_4",1111
1828,"PLUS_4",1113
1829,"FABIA_RS",4228
1830,"RAPID",1430
1831,"FELICIA",1424
1832,"CITIGO",4227
1833,"ROOMSTER",1431
1834,"FAVORIT",1423
1835,"SUPERB",1432
1836,"FABIA",1422
1837,"OCTAVIA_RS",4229
1838,"OCTAVIA",1426
1839,"YETI",2280
1840,"POPULAR",4230
1841,"100_SERIES",4226
1842,"KODIAQ",2306
1843,"FORMAN",1425
1844,"KAROQ",2325
1845,"VIANO",1036
1846,"M_KLASSE",1025
1847,"SLR_KLASSE",1031
1848,"R_KLASSE",1027
1849,"V_KLASSE",1033
1850,"G_KLASSE",1022
1851,"CL_KLASSE",1017
1852,"E_KLASSE",1021
1855,"CLA_KLASSE",3736
1856,"SLS_AMG",3696
1857,"GLC_KLASSE",3735
1864,"190_SL",3721
1866,"S_KLASSE",1028
1867,"B_KLASSE",1015
1868,"VANEO",1034
1869,"SL_KLASSE",1029
1870,"SLC_KLASSE",3739
1871,"AMG_GT",3699
1873,"GLK_KLASSE",1024
1882,"GLE_KLASSE",3719
1883,"A_KLASSE",1014
1884,"GLE_KLASSE_COUPE",3720
1885,"GLC_COUPE",3734
1886,"GL_KLASSE",1023
1888,"C_KLASSE",1016
1889,"GLS_KLASSE",3738
1890,"CLS_KLASSE",1020
1891,"GLE_KLASSE_COUPE_AMG",3748
1892,"CLC_KLASSE",1018
1893,"SLK_KLASSE",1030
1894,"CLK_KLASSE",1019
1896,"VITO",1037
1897,"CITAN",3694
1898,"CITY",4959
1899,"RC_F",3514
1900,"GS_F",3516
1901,"IS_F",3513
1902,"TRAMONTANA",4449
1903,"AMBASSADOR",2419
1904,"METRO",2426
1905,"MINI",2423
1906,"ALLEGRO",2418
1907,"MAXI",2421
1908,"MAESTRO",2420
1909,"PRINCESS",2425
1910,"MONTEGO",2424
1911,"LEGEND",153
1912,"INTEGRA",152
1913,"H6_COUPE",4704
1914,"A_112",2430
1915,"SAMBA",4316
1916,"AVENGER",4315
1917,"TAGORA",1508
1918,"RANCHO",4318
1919,"HORIZON",1507
1920,"SOLARA",4317
1921,"T_REX",2762
1922,"TF_1800",3807
1923,"V8_ZAGATO",2371
1924,"TICKFORD_CAPRI",2367
1925,"DB_AR_1",2380
1926,"LAGONDA",2365
1927,"V12_ZAGATO",2370
1928,"VIRAGE",2372
1929,"V12_VANTAGE",2369
1930,"RAPIDE",2238
1931,"ONE_77",2366
1932,"BULLDOG",2363
1933,"CYGNET",2364
1934,"ALZA",3989
1935,"VIVA",3996
1936,"MYVI",3994
1937,"NAUTICA",3995
1938,"KEMBARA",3992
1939,"KANCIL",3990
1940,"KENARI",3993
1941,"KELISA",3991
1942,"7_CROSSBACK",4726
1943,"FORWARD",3505
1944,"S_SERIES",4464
1945,"TASMIN",4467
1946,"TUSCAN",1505
1947,"CERBERA",1500
1948,"TAMORA",1504
1949,"SAGARIS",4465
1950,"CHIMAERA",1501
1951,"TAIMAR",4466
1952,"GRIFFITH",1502
1953,"EMGRAND_X7",3115
1954,"HAOQING",3116
1955,"EMGRAND",2298
1956,"EMGRAND_7",3113
1957,"BEAUTY_LEOPARD",3111
1958,"MK_CROSS",3118
1959,"ATLAS",3130
1960,"EMGRAND_GT",3132
1961,"VISION",680
1962,"T_SERIES",2443
1963,"CONTINENTAL_FLYING_SPUR",257
1964,"BENTAYGA",2440
1965,"TURBO_R",2438
1966,"MARK_VI",2441
1967,"R_TYPE",2442
1968,"ARNAGE",253
1969,"CONTINENTAL",256
1970,"MULSANNE",259
1971,"EIGHT",2436
1972,"AZURE",254
1973,"FLYING_SPUR",2437
1974,"CONTINENTAL_GT",258
1975,"BROOKLANDS",255
1976,"AMIGO",813
1977,"WIZARD",828
1978,"MU_X",3353
1979,"D_MAX",819
1980,"ASCENDER",814
1981,"STYLUS",3351
1982,"BELLETT",3358
1983,"HOMBRE",3354
1984,"AXIOM",816
1985,"ASKA",815
1986,"BIGHORN",817
1987,"FLORIAN",3362
1988,"TROOPER",826
1989,"RODEO",825
1990,"PIAZZA",3350
1991,"VEHI_CROSS",827
1992,"MU_7",3349
1993,"FARGO_FILLY",3371
1994,"GEMINI",822
1995,"IMPULSE",3347
1996,"SPEEDSTER_II",4731
1997,"HEMERA",4730
1998,"CEVENNES",4729
1999,"ONE_1",3458
2000,"REGERA",3459
2001,"AGERA",3454
2002,"JINN",540
2003,"OLEY",2941
2004,"BESTURN_B70",2937
2005,"BESTURN_B50",2936
2006,"VITA",541
2007,"ROCSTA",199
2008,"TOPIC",2362
2009,"RETONA",198
2010,"GENTRA",438
2011,"ESPERO",435
2012,"TOSCA",460
2013,"MUSSO",449
2014,"TICO",459
2015,"DAMAS",434
2016,"NUBIRA",451
2017,"RACER",454
2018,"REZZO",455
2019,"TACUMA",458
2020,"KALOS",440
2021,"KORANDO",441
2022,"ARCADIA",431
2023,"LE_MANS",446
2024,"LEGANZA",445
2025,"LANOS",444
2026,"EVANDA",436
2027,"PRINCE",453
2028,"WINDSTORM",461
2029,"NEXIA",450
2030,"MAGNUS",447
2031,"MATIZ",448
2032,"CHAIRMAN",433
2033,"SENS",2782
2034,"ALPHEON",2783
2035,"LACETTI",443
2036,"D8_GTO",2925
2037,"EB_110",264
2038,"CHIRON",2512
2039,"EB_112",265
2040,"TYPE_55",2516
2043,"CLIPPER",4749
2044,"TWELVE",4751
2045,"200_250",4752
2046,"ONE_TWENTY",4750
2047,"HAISE",4822
2048,"M2_BS4",2501
2049,"FRV_BS2",2499
2050,"M3_BC3",2502
2051,"MODEL_A",3056
2052,"FAIRMONT",3037
2053,"RANGER",655
2054,"TAUNUS",659
2055,"MODEL_T",3057
2056,"TEMPO",661
2057,"CUSTOM",3096
2058,"ESCORT",627
2059,"TOURNEO_COURIER",3097
2060,"EXPLORER",631
2061,"FIESTA",637
2062,"TAURUS",660
2063,"KUGA",647
2064,"ESCAPE",626
2065,"FALCON",3075
2066,"BRONCO",615
2067,"EXCURSION",629
2068,"GALAXY",643
2069,"EXPLORER_SPORT_TRAC",2235
2070,"FREESTAR",640
2071,"PROBE",653
2072,"LASER",648
2073,"SCORPIO",657
2074,"ECONOLINE",623
2075,"CAPRI",617
2076,"GALAXIE",3055
2077,"S_MAX",656
2078,"MONDEO",650
2079,"FOCUS_ST",3051
2080,"FAIRLANE",3059
2081,"SIERRA",658
2082,"CONTOUR",619
2083,"TOURNEO_CUSTOM",3047
2084,"CONSUL",618
2085,"RANCHERO",3060
2086,"WINDSTAR",666
2087,"PUMA",654
2088,"FREDA",3077
2089,"TOURNEO_CONNECT",664
2090,"MUSTANG",651
2091,"THUNDERBIRD",663
2092,"TAURUS_X",3045
2093,"FUSION",642
2094,"C_MAX",616
2095,"B_MAX",3035
2096,"IXION",3042
2097,"IKON",645
2098,"MAVERICK",649
2099,"ZEPHYR",3063
2100,"LTD_CROWN_VICTORIA",3043
2101,"MONDEO_ST",3052
2102,"FESTIVA",636
2103,"TERRITORY",662
2104,"KA",646
2105,"TORINO",3058
2106,"FIESTA_ST",3049
2107,"FOCUS_RS",3050
2108,"COUGAR",620
2109,"BRONCO_II",3046
2110,"AEROSTAR",613
2111,"SPECTRON",3053
2112,"GRANADA",644
2113,"MAINLINE",3082
2114,"FREESTYLE",641
2115,"CROWN_VICTORIA",622
2116,"ORION",652
2117,"ASPIRE",614
2118,"FLEX",3038
2119,"EXPEDITION",630
2120,"TELSTAR",3054
2121,"F_150",632
2122,"FIVE_HUNDRED",638
2123,"FOCUS",639
2124,"EVEREST",628
2125,"EDGE",625
2126,"XBOW",4927
2127,"ESPERANTE",1246
2128,"ROADSTER",3987
2129,"SERIES_V",4805
2130,"SERIES_IV",4806
2131,"QUTE",4896
2132,"AMBASSADOR",4933
2133,"FORTWO",1435
2134,"ROADSTER",1436
2135,"FORFOUR",1434
2136,"FAMILY",3189
2137,"FAMILY_F7",3198
2138,"FREEMA",3190
2139,"M12_GTO",3943
2140,"SHUTTLE",423
2141,"CITY_LEADING",422
2142,"SMOOTHING",424
2143,"MUSA",891
2144,"YPSILON",897
2145,"FLAMINIA",3491
2146,"PHEDRA",892
2147,"FULVIA",888
2148,"GAMMA",3482
2149,"VOYAGER",3487
2150,"LYBRA",890
2151,"MONTECARLO",3484
2152,"BETA",3481
2153,"THEMA",894
2154,"PRISMA",893
2155,"KAPPA",889
2156,"APPIA",3489
2157,"FLAVIA",3486
2158,"AURELIA",3490
2159,"ZETA",898
2160,"STRATOS",3497
2161,"RALLY_037",3496
2162,"THESIS",895
2163,"DEDRA",886
2164,"A_112",3480
2165,"DELTA",887
2166,"TREVI",896
2167,"LAMBDA",3495
2168,"SIGMA",3175
2169,"PRINCIP",699
2170,"BRIO",698
2171,"SIMBO",700
2172,"SAIBAO",3174
2173,"DELUXE_EIGHT",4786
2174,"SUPER_SIX",4787
2175,"INNOVA",4366
2176,"COROLLA_II",4433
2177,"PASSO_SETTE",4371
2178,"BB",1644
2179,"MODEL_F",4407
2180,"AVENSIS_VERSO",1531
2181,"LAND_CRUISER_PRADO",1586
2182,"SIENTA",1619
2183,"MIRAI",4385
2184,"GAIA",1573
2185,"ALLION",1523
2186,"PRIUS",1604
2187,"SAI",4374
2188,"PUBLICA",4410
2189,"AURION",1527
2190,"NOAH",1594
2191,"CENTURY",1545
2192,"SPRINTER",1623
2193,"CROWN",1560
2194,"CORONA",1555
2195,"PREVIA",1603
2196,"PROGRES",1606
2197,"YARIS_VERSO",1643
2198,"LAND_CRUISER",1585
2199,"SPRINTER_TRUENO",4377
2200,"PICNIC",1599
2201,"PASEO",1597
2202,"CYNOS",1565
2203,"PORTE",1601
2204,"SIENNA",1618
2205,"SOARER",1620
2206,"AVENSIS",1530
2207,"PIXIS_SPACE",4435
2208,"CELSIOR",1544
2209,"COROLLA_SPACIO",1553
2210,"WISH",1641
2211,"CORONA_EXIV",4401
2212,"MEGA_CRUISER",4370
2213,"MARK_II",1590
2214,"SEQUOIA",1616
2215,"PLATZ",1600
2216,"TACOMA",1628
2217,"ETIOS",4402
2218,"PROACE",4384
2219,"ESTIMA",1568
2220,"COROLLA",1548
2221,"CRESTA",1559
2222,"PRIUS_ALPHA",4436
2223,"TUNDRA",1631
2224,"FORTUNER",1571
2225,"AVANZA",4395
2226,"KLUGER",1584
2227,"VERSO",4381
2228,"FJ_CRUISER",1570
2229,"VIOS",1633
2230,"RUSH",1613
2231,"RAV_4",1610
2232,"MATRIX",1592
2233,"VANGUARD",4379
2234,"BREVIS",1534
2235,"CAMRY",1537
2236,"PRIUSPLUS",4409
2237,"SERA",1617
2238,"SOLUNA",4375
2239,"VITZ",1635
2240,"BLADE",4361
2241,"HIGHLANDER",1578
2242,"ECHO",1567
2243,"BELTA",4360
2244,"NADIA",1593
2245,"RACTIS",1608
2246,"AVALON",1529
2247,"VENZA",2291
2248,"VOLTZ",1636
2249,"PREMIO",1602
2250,"TOURING_HIACE",4439
2251,"TOWN_ACE",1630
2252,"STARLET",1625
2253,"OPA",1595
2254,"URBAN_CRUISER",4378
2255,"CORSA",1557
2256,"SPADE",4437
2257,"HIACE",1577
2258,"IPSUM",1581
2259,"LITE_ACE",1587
2260,"IST",1583
2261,"YARIS",1642
2262,"RAUM",1609
2263,"HARRIER",1576
2264,"CROWN_MAJESTA",1562
2265,"SPARKY",1622
2266,"ISIS",1582
2267,"CARINA",1539
2268,"PIXIS_EPOCH",4387
2269,"PRIUS_C",4372
2270,"CARINA_E",1540
2271,"ALPHARD",1524
2272,"CAVALIER",1542
2273,"DUET",1566
2274,"SPRINTER_MARINO",1624
2275,"AURIS",1528
2276,"ORIGIN",1596
2277,"VOXY",1637
2278,"VISTA",1634
2279,"BLIZZARD",4362
2280,"CURREN",1564
2281,"VEROSSA",1632
2282,"COMFORT",4399
2283,"AYGO",1532
2284,"SUPRA",1627
2285,"PIXIS_MEGA",4388
2286,"ESQUIRE",4430
2287,"WILL_CYPHA",1638
2288,"TERCEL",1629
2289,"PROBOX",1605
2290,"CELICA",1543
2291,"CHASER",1546
2292,"CAMRY_SOLARA",1538
2293,"CRESSIDA",1558
2294,"C_HR",4429
2295,"VELLFIRE",4380
2296,"VERSO_S",4382
2297,"SPRINTER_CARIB",4376
2298,"GRANVIA",1575
2299,"HILUX_SURF",1580
2300,"HILUX",1579
2301,"MARK_X_ZIO",4368
2302,"ALLEX",1522
2303,"PRONARD",1607
2304,"CAMI",1536
2305,"SUCCEED",1626
2306,"COROLLA_RUMION",4363
2307,"COROLLA_VERSO",1554
2308,"CALDINA",1535
2309,"MARK_X",1591
2310,"IQ",4367
2311,"REGIUS",1611
2312,"ARISTO",1526
2313,"CARINA_ED",1541
2314,"MASTER_ACE_SURF",4434
2315,"WINDOM",1640
2316,"AQUA",4394
2317,"PASSO",1598
2318,"ALTEZZA",1525
2319,"GRAND_HIACE",1574
2320,"LAND_CROWN",503
2321,"ANTELOPE",499
2322,"PLUTUS",504
2323,"COWBOY",501
2324,"SALADIN",505
2325,"AURORA",500
2326,"SHUTTLE",506
2327,"ENVISION",2525
2328,"RIVIERA",278
2329,"SKYLARK",280
2330,"ELECTRA",268
2331,"LA_CROSSE",271
2332,"CENTURY",267
2333,"ENCLAVE",269
2334,"TERRAZA",281
2335,"REATTA",2518
2336,"PARK_AVENUE",274
2337,"LUCERNE",273
2338,"ENCORE",2519
2339,"WILDCAT",2528
2340,"ESTATE_WAGON",2520
2341,"RAINER",275
2342,"EXCELLE",2517
2343,"LE_SABRE",272
2344,"REGAL",276
2345,"SKYHAWK",2522
2346,"VERANO",2521
2347,"LIMITED",2524
2348,"SPECIAL",2048
2349,"ROADMASTER",279
2350,"SUPER",2523
2351,"TYPE_3",2447
2352,"DIPLOMAT",4742
2353,"TRUMPF_JUNIOR",4743
2354,"1000SP",4866
2355,"A4 Allroad",2383
2356,"A6 Allroad",2408
2357,"A112",2430
2358,"Фenix",5005
2359,"R-Type",2442
2360,"1-Series",231
2361,"2-Series",2474
2362,"2-Series Active Tourer",2475
2363,"2-Series Grand Tourer",2483
2364,"3-Series",232
2365,"4-Series",2476
2366,"5-Series",233
2367,"6-Series",234
2368,"7-Series",235
2369,"8-Series",236
2370,"NEW Yorker",384
2371,"C-ZERO",2738
2372,"LE Mans",446
2373,"C-MAX",616
2374,"E-Series",3073
2375,"StepWGN",744
2376,"XRV-Series",8004
2377,"Z-Series",751
2378,"J3 (Tongyue,Tojoy)",3376
2379,"F-Type SVR",5750
2380,"Jest+",8488
2381,"K-Series",862
2382,"LF-A",3511
2383,"Air",5774
2384,"KUV100",3584
2385,"AMG GLC Coupe",5798
2387,"GLA-Class AMG",5800
2388,"Microcar",5427
2389,"+4+",5430
2390,"Scimitar",5815
2391,"XBee",4313
2392,"LiteAce",1587
2393,"Mark X ZiO",4368
2394,"Prius c",4372
2395,"TownAce",1630
2396,"WiLL Cypha",1638
2397,"Nomad",5781
2398,"Tavria",5753
2399,"МЕРСЕДЕС-БЕНЦ",79
2400,"МЕРСЕДЕЦ-БЕНЦ",79
2401,"MercedesBenz",79
2403,"2121 (4x4)",1753
2404,"2131 (4x4)",1756
2406,"""Овум""",11250
2407,"AC Cars",2
2408,"1½-Litre",6436
2409,"3½-Litre",6862
2410,"4½-Litre",6863
2411,"4¼-Litre",6863
2412,"6½-Litre",6864
2413,"208/308",5759
2414,"2½-Litre Sports",8671
2415,"3½-Litre",8672
2416,"1½-Litre",10217
2443,"Персона",1315
2448," Arena",4489
2449,"Арена",4489
2450," Cascada",4490
2451,"Каскада",4490
2452," Signum",4499
2453,"Сигнум",4499
2454,"Signum ",4499
2457,"21093 ",1883
2458,"1991",1883
2461," Jeep Cherokee 2500",4878
2462,"Джип чероки 2500",4878
2463," Luba (XB624)",4879
2464,"Люба (ХБ624)",4879
2465,"A-Class",1014
2466,"B-Class",1015
2467,"C-Class",1016
2468,"CL-Class",1017
2469,"CLA-Class",3736
2470,"CLC-Class",1018
2471,"CLK-Class",1019
2472,"CLS-Class",1020
2473,"E-Class",1021
2474,"EQC-Class",3742
2475,"G-Class",1022
2476,"GL-Class",1023
2477,"GLA-Class",3737
2478,"GLB-Class",3744
2479,"GLC-Class",3735
2480,"GLK-Class",1024
2481,"GLS-Class",3738
2482,"M-Class",1025
2483,"Maybach GLS-Class",3755
2484,"R-Class",1027
2485,"S-Class",1028
2486,"SL-Class",1029
2487,"SLC-Class",3739
2488,"SLK-Class",1030
2489,"V-Class",1033
2490,"TF Серия",5234
2491,"Серия ТФ",5234
2492,"B 1000",6789
2493,"Б 1000",6789
2494,"242-serie",576
2495,"242-серие",576
2496,"Нива",5669
2497,"F-серия",3078
2498,"Ф-серия",3078
2499,"E-серия",3073
2500,"Е-серия",3073
2501,"F-серии",3078
2502,"ГАЗЕЛЬ",1907
2503,"ГАЗЕЛЬ Next",5691
2504,"ГАЗЕЛЬ рядом",5691
2505,"СОБОЛЬ",4632
2506,"K-серия",862
2507,"К-серия",862
2508,"B-серия",980
2509,"Б-серия",980
2510,"В-класс",1033
2511,"Мастер Эйс Серф",4434
2512,"H-1 Starex",774
2513,"Н-1 Старекс",774
2514,"Eurovan",1661
2515,"Оперативной памяти",524
2516,"Pick-Up",1166
2517,"Пикап",1166
2518,"A-line",10325
2519,"Трапеция",10325
2520,"L-line",10332
2521,"L-линия",10332
2522,"95 series",7106
2523,"95 серия",7106
2524,"CF-series",7108
2525,"Ср-серии",7108
2526,"CH-SERIES",8858
2527,"Ч-СЕРИИ",8858
2528,"9000 Series",8203
2529,"Серии 9000",8203
2530,"FE",10840
2531,"ФЕ",10840
2532,"FL",10842
2533,"ФЛ",10842
2534,"FM",10843
2535,"ФМ",10843
2536,"NH",10847
2537,"НХ",10847
2538,"VNL",10849
2539,"ВНЛ",10849
2540,"FH",10841
2541,"FН",10841
2542,"R",10102
2543,"Р",10102
2544,"T",10104
2545,"Т",10104
2546,"G",10096
2547,"Г",10096
2548,"P",10101
2549,"П",10101
2550,"Elf",8265
2551,"Эльф",8265
2552,"Euro Tech",8322
2553,"Евро Тек",8322
2554,"LF-series",7110
2555,"ЛФ-серии",7110
2556,"N56",8348
2557,"От 56",8348
2558,"L2000",8897
2559,"L2000 двери",8897
2560,"F2000",8896
2561,"FL-Series",7561
2562,"ФЛ-серии",7561
2563,"Next",11343
2564,"Далее",11343
2565,"Topkick",7679
2566,"W-series",7680
2567,"W-серия",7680
2568,"НеоЛаз",17119
2569,"НеоЛаз /Сити/",17119
2570,"BM",7093
2571,"БМ",7093
2572,"T9 - series",10728
2573,"Т9 - серии",10728
2574,"Viper series",18918
2575,"T 25",19317
2576,"F 2.5 AMHS",19329
2577,"Ладога-2",18284
2578,"Pro V",19726
2579,"Turbojet",19841
2580,"МИЦУБИСИ",82
2581,"МИЦУБИШИ",82
2582,"МИТСУБИСИ",82
2583,"Митсубиши",82
2584,"Гетс",772
2585,"Хундай",52
2586,"Хюндай",52
2587,"ХЕНДЭ",52
2588,"хёндэ",52
2589,"КАШКАЙ",1174
2590,"СR-V",708
2593,"2410",5682
2594,"Алмера Классик",1124
2595,"Альмера",1123
2596,"LADA",132
2597,"LADA (ВАЗ)",132
2598,"11193 (ВАЗ)",2051
2599,"МЕРСЕДЕС",79
2600,"mercedes",79
2601,"ac",2
2602,"378 gt",5873
2603,"acura",3
2604,"adler",4740
2606,"alfaromeo",5
2607,"105 115",2343
2616,"alpina",6
2618,"alpine",2353
2626,"amgeneral",2358
2628,"amc",4776
2629,"apal",4893
2630,"21541",4894
2631,"ariel",2360
2632,"aro",7
2634,"24 аро",191
2635,"24",191
2636,"asia",8
2638,"astonmartin",9
2639,"db ar 1",2380
2645,"one 77",2366
2647,"S",4991
2651,"S",4993
2655,"audi",10
2664,"e tron",2407
2669,"e tron sportback",2413
2672,"GT",4999
2673,"РС4",221
2674,"rs4",221
2675,"РС6",222
2676,"rs6",222
2677,"aurus",4851
2678,"austin",2417
2679,"fx",6545
2680,"austinhealey",4788
2681,"autobianchi",2429
2683,"baic",4873
2684,"bj 2020",4887
2686,"bj 212",4876
2689,"bajaj",4895
2690,"baltijasdzips",2431
2691,"bd 1322",2432
2692,"batmobile",4897
2693,"bentley",13
2702,"с",2439
2703,"Т-Сериес",2443
2704,"t series",2443
2705,"bertone",2444
2706,"bilenkin",4900
2709,"bitter",2446
2710,"bmw",11
2712,"1 серии",231
2725,"2 серии",2474
2731,"2 серии Gran Coupe",5017
2732,"Gran Coupe",5017
2735,"2 серии Active Tourer",2475
2736,"2 серии Актив Турер",2475
2742,"2 серии Grand Tourer",2483
2743,"2 серии гранд турер",2483
2750,"2000 c cs",2457
2751,"3 серии",232
2752,"3 серии 315",2458
2753,"315",2458
2754,"3 серии 316",2236
2755,"316",2236
2757,"3 серии 320",2278
2758,"320",2278
2762,"3 серии 328",2242
2763,"328",2242
2766,"3 серии 340",2461
2767,"340",2461
2770,"3 серии Gran Turismo",5019
2771,"Gran Turismo",5019
2773,"3 15",2458
2774,"4 серии",2476
2775,"4",2476
2777,"4 серии 420",2281
2778,"420",2281
2784,"4 серии Gran Coupe",5020
2785,"Gran Coupe",5020
2786,"5 серии",233
2788,"5 серии 520",2201
2789,"520",2201
2793,"5 серии 525",2295
2794,"525",2295
2798,"5 серии 530",1992
2799,"530",1992
2801,"5 серии 535",2296
2802,"535",2296
2805,"5 серии 545",2186
2806,"545",2186
2809,"5 серии Gran Turismo",5021
2810,"Gran Turismo",5021
2813,"6 серии",234
2819,"6 серии 645",2215
2820,"645",2215
2822,"6 серии Gran Coupe",5022
2823,"Gran Coupe",5022
2824,"6 серии Gran Turismo",5023
2825,"Gran Turismo",5023
2826,"7 серии",235
2831,"7 серии 730",1959
2832,"730",1959
2839,"7 серии 745",2146
2840,"745",2146
2842,"7 серии 750",1987
2843,"750",1987
2850,"8 серии",236
2853,"8 серии 850",2197
2854,"850",2197
2855,"8 серии Gran Coupe",5024
2856,"Gran Coupe",5024
2860,"Gran Coupe",5027
2953,"borgward",4761
2954,"brabus",2484
2955,"73 s",2485
2956,"brilliance",14
2957,"frv bs2",2499
2960,"m2 bs4",2501
2961,"m3 bc3",2502
2962,"bristol",2503
2965,"bufori",2508
2966,"bugatti",15
2970,"buick",16
2971,"la crosse",271
2972,"лесабре",272
2974,"Рандеву",277
2975,"byd",12
2976,"е6",2529
2978,"byvin",2541
2981,"cadillac",17
2982,"ats v",2552
2983,"ct4 v",2564
2984,"ct5 v",2565
2985,"cts v",2551
2986,"Девиль",286
2989,"callaway",2566
2990,"carbodies",2568
2992,"FX4 S",2569
2993,"S",2569
2994,"caterham",18
2996,"chana",4790
2997,"changan",2574
2998,"cm 8",2580
3000,"z shine",2579
3001,"changfeng",19
3003,"changhe",4792
3004,"chery",20
3020,"chevrolet",21
3022,"c 10",2625
3029,"cruze hr",2629
3030,"luv dmax",2632
3031,"cmatiz",2670
3034,"chrysler",22
3035,"SRT8",7066
3036,"Ле Барон",382
3040,"citroen",23
3042,"c crosser",398
3043,"c elysee",2730
3044,"c quatre",2747
3045,"c triomphe",399
3046,"ц-зеро",2738
3047,"c zero",2738
3048,"C3 Аиркросс",2755
3050,"с4 аиркросс",2732
3051,"С4 Спейстурер",2757
3053,"C5 Аиркросс",2754
3056,"e mehari",2758
3058,"cizeta",2759
3059,"в16т",2760
3060,"coggiola",2761
3061,"т рекс",2762
3062,"cord",4902
3063,"l 29",4903
3064,"dacia",25
3068,"pick up",2777
3070,"dadi",24
3071,"daewoo",26
3073,"daihatsu",27
3074,"Atrai 7",5097
3075,"7",5097
3076,"be go",465
3077,"Хайджет",475
3079,"mira e s",2817
3080,"Kid",5115
3081,"daimler",28
3082,"ds 420",2826
3085,"x 300",2828
3088,"x 308",2829
3089,"x 350",2830
3090,"dallara",4968
3091,"datsun",2839
3092,"Го+",2844
3094,"ми-ДО",2850
3095,"mi do",2850
3096,"on do",2845
3099,"detomaso",29
3100,"decorides",15106
3101,"delage",4904
3102,"delorean",2869
3103,"dmc 12",2870
3104,"derways",30
3105,"desoto",4744
3106,"dkw",4906
3107,"3 6",4907
3108,"dodge",31
3119,"dw series",2904
3124,"РАМ",524
3126,"dongfeng",2908
3127,"doninvest",32
3128,"donkervoort",33
3129,"ds",4721
3131,"dwhower",4908
3132,"ecar",2929
3133,"eagle",34
3134,"eaglecars",34
3135,"excalibur",4804
3136,"faw",35
3138,"ferrari",38
3141,"458 Italia",5760
3142,"Italia",5760
3143,"Speciale",5138
3144,"Speciale A",5139
3145,"Spider",2175
3149,"Spider",5141
3154,"Superfast",2982
3158,"Tributo",2984
3162,"fiat",39
3164,"x 1 9",611
3165,"fisker",3033
3166,"flanker",4911
3167,"ford",40
3168,"b max",3035
3169,"Бронко-2",3046
3170,"bronco ii",3046
3171,"c max",616
3172,"escort na",3036
3173,"f 150",632
3176,"focus na",3048
3177,"fusion na",3039
3178,"granada na",3040
3179,"Ка",646
3181,"mustang mach e",3099
3182,"ranger na",3044
3183,"s max",656
3185,"foton",3100
3186,"fso",36
3187,"125 p",3105
3188,"fuqi",3109
3189,"6500",3110
3191,"gac",4913
3192,"geely",42
3199,"genesis",4835
3201,"geo",43
3202,"gmc",41
3203,"gonow",45
3204,"gordon",4696
3205,"gp",4916
3206,"greatwall",46
3207,"Кулбир",3151
3214,"hafei",47
3215,"haima",3182
3216,"hanomag",4918
3217,"haval",4698
3218,"hawtai",4688
3219,"b 21",4690
3220,"heinkel",4970
3221,"hindustan",3199
3222,"hispanosuiza",4921
3223,"holden",48
3224,"honda",49
3228,"cr v",708
3229,"cr x",709
3231,"cr z",3240
3235,"fr v",718
3237,"hr v",720
3240,"Dunk",5193
3241,"N-BOX",3265
3242,"н-бокс",3265
3243,"n box",3265
3244,"n box slash",3279
3245,"n one",3266
3246,"n wgn",3275
3248,"s mx",739
3251,"Hobio",5196
3252,"horch",4923
3253,"huanghai",50
3558,"hudson",4785
3559,"hummer",51
3560,"hyundai",52
3565,"еон",3294
3568,"Ионик",3308
3570,"Classic",786
3571,"С купе",784
3573,"infiniti",53
3574,"EX 25",5204
3575,"25",5204
3576,"EX 30d",5205
3577,"30d",5205
3578,"EX 35",5206
3579,"35",5206
3580,"EX 37",5207
3581,"37",5207
3582,"FX 30d",5208
3583,"30d",5208
3584,"FX 35",5209
3585,"35",5209
3586,"37",2116
3587,"FX 45",5210
3588,"45",5210
3589,"FX 50",5211
3590,"50",5211
3592,"G 20",5212
3593,"20",5212
3594,"G 25",5213
3595,"25",5213
3596,"G 35",5214
3597,"35",5214
3598,"G 37",5215
3599,"37",5215
3600,"I 30",5216
3601,"30",5216
3602,"I 35",5217
3603,"35",5217
3605,"M 25",5219
3606,"25",5219
3607,"M 30",5220
3608,"30",5220
3609,"M 30d",5221
3610,"30d",5221
3611,"M 35",5222
3612,"35",5222
3613,"M 37",2159
3614,"37",2159
3615,"M 45",5223
3616,"45",5223
3617,"M 56",5224
3618,"56",5224
3619,"innocenti",3328
3620,"international",4841
3621,"invicta",3333
3622,"irankhodro",55
3623,"isdera",3342
3624,"isuzu",56
3625,"d max",819
3627,"mu 7",3349
3628,"mu x",3353
3630,"Викросс",827
3631,"vehi cross",827
3632,"iveco",3372
3633,"jac",3374
3639,"j7 binyue",3379
3641,"s1 rein",3391
3642,"s 3",3383
3644,"jaguar",58
3645,"e pace",3401
3646,"Е-Тайп",831
3647,"e type",831
3648,"f pace",3398
3650,"f type",3394
3653,"SVR",5750
3655,"i pace",3402
3656,"s type",832
3658,"x type",834
3662,"jeep",59
3665,"SRT8",8385
3669,"jensen",3414
3670,"s v8",3415
3671,"jinbei",4821
3672,"jmc",57
3673,"kia",61
3679,"X-Line",5253
3681,"Prime",3452
3682,"EV",3449
3683,"x trek",879
3684,"koenigsegg",3453
3685,"ktm",4926
3686,"vaz",132
3687,"Ока",1734
3688,"1111",1734
3689,"1111 Ока Астро",1734
3690,"Астро",1734
3691,"2108 Natacha",1743
3692,"Natacha",1743
3693,"2108 Тарзан",1743
3694,"Тарзан",1743
3695,"2109 Тарзан",1744
3696,"Тарзан",1744
3697,"2110 Богдан",1746
3699,"2110 Консул",1746
3700,"Консул",1746
3701,"2110 Премьер",1746
3702,"Премьер",1746
3703,"2111 Богдан",1747
3705,"2111 Тарзан-2",1747
3706,"Тарзан-2",1747
3707,"2120",1752
3709,"2121 (4x4) Bronto",2132
3710,"Bronto",2132
3711,"2121 (4x4) Urban",2132
3712,"Urban",2132
3713,"2121 (4x4) Рысь",2132
3714,"Рысь",2132
3715,"2121 (4x4) Фора",2132
3716,"Фора",2132
3717,"2131 4x4",4612
3718,"2131 (4x4) Urban",4612
3719,"Urban",4612
3720,"2131 (4x4) Рысь",4612
3721,"Рысь",4612
3723,"Drive Active",4611
3724,"Sport",5665
3725,"Cross",5666
3727,"Sport",5667
3729,"Cross",5668
3735,"Cross",5671
3736,"Sport",5672
3739,"XRAY Cross",5673
3740,"Cross",5673
3741,"lamborghini",62
3742,"350 400 gt",3478
3746,"lancia",63
3747,"а 112",3480
3752,"Монте Карло",3484
3753,"landrover",64
3754,"110",2259
3760,"landwind",65
3763,"lexus",66
3764,"CT 200h",5260
3765,"200h",5260
3766,"ES 200",5261
3767,"200",5261
3768,"ES 250",5262
3769,"250",5262
3770,"ES 300",5263
3771,"300",5263
3772,"ES 300h",5264
3773,"300h",5264
3774,"ES 330",5265
3775,"330",5265
3776,"ES 350",5266
3777,"350",5266
3778,"GS 200t",5267
3779,"200t",5267
3780,"GS 250",5268
3781,"250",5268
3782,"GS 300",5269
3783,"300",5269
3784,"GS 300h",5270
3785,"300h",5270
3786,"GS 350",5271
3787,"350",5271
3788,"GS 400",5272
3789,"400",5272
3790,"GS 430",5273
3791,"430",5273
3792,"GS 450h",5274
3793,"450h",5274
3794,"GS 460",5275
3795,"460",5275
3796,"GX 400",5276
3797,"400",5276
3798,"GX 460",3518
3799,"460",3518
3800,"GX 470",5277
3801,"470",5277
3802,"HS 250h",5278
3803,"250h",5278
3804,"IS 200",5279
3805,"200",5279
3806,"IS 200t",5280
3807,"200t",5280
3808,"IS 220d",5281
3809,"220d",5281
3810,"IS 250",5282
3811,"250",5282
3812,"IS 300",5284
3813,"300",5284
3814,"IS 300h",5285
3815,"300h",5285
3816,"IS 350",5286
3817,"350",5286
3818,"LC 500",5288
3819,"500",5288
3820,"LC 500h",5289
3821,"500h",5289
3822,"LS 350",5290
3823,"350",5290
3824,"LS 400",5291
3825,"400",5291
3826,"LS 430",5292
3827,"430",5292
3828,"LS 460",5293
3829,"460",5293
3830,"LS 460 L",5294
3831,"460 L",5294
3832,"LS 500",5295
3833,"500",5295
3834,"LS 500h",5296
3835,"500h",5296
3836,"LS 600h",5297
3837,"600h",5297
3838,"LS 600h L",5298
3839,"600h L",5298
3840,"LX 450",5299
3841,"450",5299
3842,"LX 450d",5300
3843,"450d",5300
3844,"LX 470",5301
3845,"470",5301
3846,"LX 570",5302
3847,"570",5302
3849,"NX 200",5303
3850,"200",5303
3851,"NX 200t",5304
3852,"200t",5304
3854,"NX 300h",5305
3855,"300h",5305
3856,"RC 200t",5306
3857,"200t",5306
3858,"RC 300",5307
3859,"300",5307
3860,"RC 300h",5308
3861,"300h",5308
3862,"RC 350",5309
3863,"350",5309
3864,"RX 200t",5310
3865,"200t",5310
3866,"RX 270",5311
3867,"270",5311
3868,"RX 300",5312
3869,"300",5312
3870,"RX 330",5313
3871,"330",5313
3872,"RX 350",5314
3873,"350",5314
3875,"RX 400h",5315
3876,"400h",5315
3877,"RX 450h",5316
3878,"450h",5316
3880,"SC 300",5317
3881,"300",5317
3882,"SC 400",5318
3883,"400",5318
3884,"SC 430",5319
3885,"430",5319
3886,"UX 200",5320
3887,"200",5320
3888,"UX 250h",5321
3889,"250h",5321
3892,"lifan",67
3897,"Майвей",3527
3898,"ligier",4928
3899,"lincoln",68
3901,"logem",4966
3902,"lotus",69
3903,"lti",3563
3904,"lucid",4930
3906,"luxgen",3565
3907,"люксген5",3566
3908,"mahindra",72
3909,"cj 3",3574
3910,"marcos",73
3912,"marlin",3591
3913,"файвэкси",3592
3914,"marussia",3596
3915,"maruti",74
3916,"maserati",75
3919,"ГранТуризмо",961
3920,"gran turismo",961
3925,"maybach",76
3926,"mazda",77
3928,"autozam az3",3675
3930,"az offroad",3631
3931,"az wagon",979
3932,"b series",980
3933,"Brawny",3655
3934,"Бонго Френди",982
3935,"bt 50",981
3936,"cx 3",3651
3937,"cx 30",3674
3938,"cx 5",2274
3939,"cx 7",983
3940,"cx 8",3676
3941,"cx 9",984
3942,"efini ms 6",3635
3943,"efini ms 8",988
3944,"efini ms 9",3636
3945,"S-Wagon",5365
3946,"mx 3",996
3947,"mx 30",5372
3948,"mx 5",997
3949,"mx 6",998
3950,"r 360",3669
3951,"rx 7",1005
3952,"rx 8",1006
3953,"mclaren",78
3955,"mega",3689
3957,"А-класс",1014
3958,"a klasse",1014
3974,"A-Класс AMG",9065
3975,"А-класс АМГ",9065
3976,"a klasse amg",9065
3979,"b klasse",1015
3989,"Ц-класс",1016
3990,"c klasse",1016
4005,"C-Класс AMG",9076
4006,"Ц-класс АМГ",9076
4007,"c klasse amg",9076
4020,"ЦЛ-класс",1017
4021,"cl klasse",1017
4026,"CL-Класс AMG",9079
4027,"ЦЛ-класс АМГ",9079
4028,"cl klasse amg",9079
4032,"CLA",3736
4033,"ЦЛА-класс",3736
4034,"cla klasse",3736
4039,"CLA AMG",9081
4040,"ЦЛА-класс АМГ",9081
4041,"cla klasse amg",9081
4045,"ЦЛЦ-класс",1018
4046,"clc klasse",1018
4052,"ЦЛК-класс",1019
4053,"clk klasse",1019
4065,"CLK-Класс AMG",9084
4066,"ЦЛК-класс АМГ",9084
4067,"clk klasse amg",9084
4070,"CLS",1020
4071,"ЦЛС-класс",1020
4072,"cls klasse",1020
4084,"CLS AMG",9086
4085,"ЦЛС-класс АМГ",9086
4086,"cls klasse amg",9086
4090,"Е-класс",1021
4091,"e klasse",1021
4109,"E-Класс AMG",9089
4110,"Е-класс АМГ",9089
4111,"e klasse amg",9089
4121,"g klasse",1022
4137,"G-Класс AMG",9094
4138,"G-класс АМГ",9094
4139,"g klasse amg",9094
4146,"G-Класс AMG 6x6",9095
4147,"G-класс АМГ 6x6",9095
4148,"g klasse amg 6x6",9095
4150,"gl klasse",1023
4158,"GL-Класс AMG",9097
4159,"GL-класс АМГ",9097
4160,"gl klasse amg",9097
4162,"GLA",3737
4163,"ГЛА-класс",3737
4164,"gla class",3737
4169,"GLA AMG",5800
4170,"ГЛА-класс АМГ",5800
4171,"gla class amg",5800
4175,"ГЛБ",3744
4176,"glb klasse",3744
4181,"GLB AMG",9099
4182,"ГЛБ АМГ",9099
4184,"ГЛЦ",3735
4185,"glc klasse",3735
4191,"GLC AMG",9101
4192,"ГЛЦ АМГ",9101
4193,"glc klasse amg",9101
4206,"ГЛЕ",3719
4207,"gle klasse",3719
4220,"gle klasse coupe",3720
4226,"gle klasse coupe amg",3748
4231,"glk klasse",1024
4239,"GLS",3738
4240,"GLS-класс",3738
4241,"gls klasse",3738
4248,"GLS AMG",9104
4249,"GLS-класс АМГ",9104
4250,"gls klasse amg",9104
4252,"m klasse",1025
4266,"M-Класс AMG",9109
4267,"М-класс АМГ",9109
4268,"m klasse amg",9109
4271,"maybach g 650",3749
4272,"Maybach S-Класс",9112
4273,"Майбах Эс-Класс",9112
4281,"r klasse",1027
4292,"R-Класс AMG",9117
4293,"Р-класс АМГ",9117
4294,"r klasse amg",9117
4297,"s klasse",1028
4329,"S-Класс AMG",9119
4330,"S-класс АМГ",9119
4331,"s klasse amg",9119
4338,"sl klasse",1029
4353,"SL-Класс AMG",9121
4354,"СЛ-класс АМГ",9121
4355,"sl klasse amg",9121
4361,"CЛЦ-класс",3739
4362,"slc klasse",3739
4368,"SLC AMG",9123
4369,"CЛЦ-класс AMG",9123
4370,"slc klasse amg",9123
4371,"СЛК-класс",1030
4372,"slk klasse",1030
4380,"SLK-Класс AMG",9125
4381,"СЛК-класс АМГ",9125
4382,"slk klasse amg",9125
4389,"v klasse",1033
4444,"X-Класс",9134
4445,"x klasse",9134
4449,"mercury",80
4451,"metrocab",81
4452,"metrocab 1",3783
4453,"metrocab ii ttt",3782
4454,"mg",70
4455,"МГА",3797
4456,"мгб",3791
4457,"хпауер св",935
4458,"microcar",1
4459,"minelli",3806
4460,"mini",71
4504,"mitsubishi",82
4505,"brabo",1054
4506,"Cargo",5404
4507,"Van",5406
4508,"delica d2",3854
4509,"delica d3",3855
4510,"delica d 5",3857
4511,"eK Вагон",3817
4515,"i miev",3818
4516,"Cedia",1078
4518,"Minicab MiEV",5414
4519,"MiEV",5414
4520,"Asti",5415
4523,"Паджеро iO",1090
4524,"Wide",1106
4525,"хпандер",3853
4526,"mitsuoka",83
4527,"le seyde",1110
4528,"mc 1",3874
4530,"morgan",84
4531,"4 4",1111
4532,"morris",3883
4533,"nash",4932
4534,"nio",9413
4535,"nissan",85
4536,"be 1",3887
4538,"gt r",3892
4539,"Box",5454
4542,"Joy",5461
4545,"California",5470
4546,"RZ-1",5471
4547,"x trail",1196
4548,"noble",3942
4549,"oldsmobile",86
4551,"eighty eight",1208
4552,"ninety eight",3946
4553,"opel",87
4555,"GTC",5480
4564,"osca",3983
4565,"packard",4748
4566,"200 250",4752
4567,"one twenty",4750
4568,"pagani",89
4569,"panoz",90
4570,"perodua",3988
4571,"peugeot",91
4581,"pgo",4728
4582,"piaggio",4026
4583,"plymouth",92
4585,"polestar",15396
4586,"pontiac",93
4590,"ЛеМан",1291
4592,"porsche",94
4601,"R",4078
4640,"S",2216
4678,"premier",4081
4679,"proton",95
4680,"gen 2",4085
4682,"puch",4099
4683,"g modell",4100
4684,"puma",4102
4685,"qoros",4107
4686,"qvale",4109
4687,"ram",4849
4688,"rambler",4934
4689,"ravon",4766
4690,"reliant",4111
4692,"renaissancecars",4692
4693,"renault",96
4697,"квид",4135
4698,"Stepway",5497
4699,"Stepway",5500
4705,"ЗОЕ",4126
4707,"rezvani",4734
4708,"rimac",4737
4709,"концепт ван",4739
4710,"concept one",4739
4711,"rinspeed",4942
4712,"roewe",97
4713,"rollsroyce",98
4714,"20 25",4169
4721,"ronart",4170
4723,"rover",99
4725,"saab",101
4726,"9 2x",4184
4727,"9 3",1392
4728,"9 4x",4185
4729,"9 5",1393
4730,"9 7x",1394
4731,"saipa",4890
4732,"saleen",102
4733,"santana",4191
4734,"пс-10",4192
4735,"ps 10",4192
4736,"saturn",104
4737,"scion",105
4738,"fr s",4197
4741,"sears",10111
4742,"seat",100
4747,"shanghaimaple",4944
4748,"shuanghuan",107
4749,"сцео",1420
4750,"simca",4951
4751,"1300 1500",4952
4752,"skoda",108
4753,"100 серия",4226
4755,"Scout",5520
4756,"Scout",1427
4758,"smart",109
4762,"soueast",4242
4763,"spectre",4244
4764,"spyker",110
4765,"ssangyong",111
4768,"steyr",4954
4769,"studebaker",4956
4770,"subaru",112
4771,"брат",4272
4776,"импреза врх сти",1455
4781,"suzuki",113
4782,"C",5551
4783,"C2",5552
4787,"Crescent",4295
4790,"Sierra",5559
4791,"Wide",5560
4794,"Wide",5565
4796,"Wagon R+ Solio",5564
4797,"x 90",1498
4798,"xl 7",1499
4799,"talbot",115
4800,"tata",116
4801,"tatra",117
4803,"tazzari",4340
4804,"tesla",2246
4811,"Модел C",2247
4821,"think",4958
4822,"tianma",118
4823,"tianye",119
4824,"tofas",120
4825,"toyota",121
4826,"Фораннер",1521
4827,"c hr",4429
4828,"Gracia",5579
4829,"Prominent",5580
4830,"E",1540
4833,"Axio",5584
4834,"Ceres",1549
4835,"Fielder",1550
4836,"Corolla Fx",5586
4837,"Fx",5586
4839,"Runx",1552
4841,"SF",5589
4842,"Emina",5595
4845,"Фанкарго",1572
4846,"гранд хайс",1574
4847,"Хайс",1577
4848,"HiAce Regius",5596
4853,"Cygnus",2232
4857,"Марк X ZiO",4368
4858,"mr s",1589
4859,"PHV",5605
4860,"Prime",5606
4861,"Приус си",4372
4862,"Приус V (+)",4373
4869,"Региус Эйс",1612
4873,"verso s",4382
4875,"вилл сифа",1638
4876,"trabant",122
4877,"1 1",4445
4879,"tramontana",4448
4880,"triumph",4450
4882,"tvr",114
4883,"с-серия",4464
4884,"s series",4464
4885,"ultima",4686
4886,"vauxhall",4468
4888,"vector",4503
4890,"venturi",123
4891,"volkswagen",124
4901,"id3",4549
4902,"id4",5642
4904,"карманн-гиа",4524
4905,"karmann ghia",4524
4907,"Alltrack",5643
4913,"t cross",4545
4914,"t roc",4542
4915,"t roc r",4553
4920,"volvo",125
4921,"120 Серия",4562
4922,"140 Серия",1689
4923,"140",1689
4924,"240 Серия",1691
4925,"260 Серия",1692
4926,"260",1692
4941,"vortex",126
4942,"wmotors",4782
4943,"wanderer",4960
4944,"wartburg",127
4945,"1 3",4573
4946,"westfield",4574
4947,"sei sport",4575
4948,"сейгт",4576
4949,"wiesmann",128
4951,"model 20",4756
4952,"xinkai",129
4953,"sr v x3",1726
4954,"xpeng",15538
4955,"yulon",4972
4956,"zastava",4582
4957,"zenos",4780
4958,"zenvo",4732
4959,"zibar",4843
4960,"zotye",4590
4963,"Лендмарк",1733
4964,"avtokam",4603
4965,"gaz",134
4971,"2308 Атаман",4617
4972,"2308 ataman",4617
4973,"2330 tigr",4618
4977,"3103 volga",4622
4982,"a",4627
4983,"ГАЗ 67",1802
4984,"67",1802
4986,"m 72",4628
4987,"zaz",138
4991,"zaz lanos",4644
4992,"zil",139
4993,"zis",4773
4996,"2126 Ода",1831
4998,"21261 fabula",5703
5000,"kanonir",4654
5001,"kombat",4759
5002,"Т98",4760
5003,"t98",4760
5004,"luaz",141
5006,"moscvich",142
5008,"ivan kalita",4661
5009,"knyaz vladimir",1859
5011,"smz",4667
5012,"tagaz",2193
5013,"с-30",4672
5014,"c30",4672
5016,"uaz",143
5017,"3162 Симбир",1873
5018,"3162",1873
5019,"astero",5736
5021,"e crossover",4602
5022,"ГРЕЙТ ВОЛЛ",46
5023,"CHEVROLET DAT",21
5024,"ДАЦУН",2839
5025,"Pullman",21647
5026,"GTA",21648
5027,"Crosswagon Q4",21649
5028,"GTA",21650
5029,"GT",21651
5030,"GTV",21652
5031,"Quadrifoglio",21653
5032,"gta",2336
5033,"Quadrifoglio",21654
5034,"Long",21655
5035,"1100",21656
5036,"1300",21657
5037,"1500",21658
5038,"1600",21659
5039,"V6 GT",21660
5040,"V6 Turbo",21661
5041,"V6 Turbo Catalyse",21662
5042,"humvee",2359
5043,"Spartana",21663
5044,"R2",21664
5045,"AMR",21665
5046,"GT",21666
5047,"GTA",21667
5048,"Vantage",21668
5049,"Zagato",21669
5050,"RS",21670
5051,"v8",204
5052,"GT8",21671
5053,"Le Mans V600",21672
5054,"v12",2368
5055,"S",21673
5056,"Vantage",21674
5057,"S4",21675
5058,"RS2",21676
5059,"S2",21677
5060,"e-tron",21678
5061,"g-tron",21679
5062,"g-tron",21680
5063,"allroad",2408
5064,"Long",21681
5065,"50",21682
5066,"55",21683
5067,"e tron s",21684
5068,"e tron s sportback",21685
5069,"50",21686
5070,"55",21687
5071,"Abarth",21689
5072,"bj 2026",21690
5073,"jeep cherokee 2500",21692
5074,"luba",4879
5075,"Speed",21693
5076,"GT3-R",21694
5077,"S",21695
5078,"Speed",21696
5079,"Supersports",21697
5080,"Supersports ISR",21698
5081,"EWB",21699
5082,"Speed",21700
5083,"bioauto",21701
5084,"eva 4",21702
5085,"02",2449
5086,"114",21703
5087,"116",21704
5088,"118",21705
5089,"120",21706
5090,"123",21707
5091,"125",21708
5092,"128",21709
5093,"130",21710
5094,"135",21711
5095,"M135i",21712
5096,"M140i",21713
5097,"m1",2452
5098,"218",21714
5099,"220",21715
5100,"225",21716
5101,"228",21717
5102,"230",21718
5103,"M235i",21719
5104,"M240i",21720
5105,"216",21721
5106,"218",21722
5107,"220",21723
5108,"225",21724
5109,"M235i",21725
5110,"214",21726
5111,"216",21727
5112,"218",21728
5113,"220",21729
5114,"225",21730
5115,"M235i",21731
5116,"318",21732
5117,"323",21733
5118,"324",21734
5119,"325",21735
5120,"330",21736
5121,"335",21737
5122,"ActiveHybrid",21738
5123,"Compact",21739
5124,"M340i xDrive",21740
5125,"418",21741
5126,"425",21742
5127,"428",21743
5128,"430",21744
5129,"435",21745
5130,"440",21746
5131,"518",21747
5132,"520L",21748
5133,"523",21749
5134,"524",21750
5135,"525L",21751
5136,"528",21752
5137,"528L",21753
5138,"530L",21754
5139,"535L",21755
5140,"540",21756
5141,"550",21757
5142,"ActiveHybrid",21758
5143,"M550d xDrive",21759
5144,"M550i xDrive",21760
5145,"628",21761
5146,"630",21762
5147,"633",21763
5148,"635",21764
5149,"640",21765
5150,"650",21766
5151,"725",21767
5152,"725L",21768
5153,"728",21769
5154,"728L",21770
5155,"730L",21771
5156,"733",21772
5157,"735",21773
5158,"735L",21774
5159,"740",21775
5160,"740L",21776
5161,"745L",21777
5162,"750L",21778
5163,"760",21779
5164,"760L",21780
5165,"Active Hybrid 7",21781
5166,"Active Hybrid 7L",21782
5167,"M760L",21783
5168,"830",21784
5169,"840",21785
5170,"M850",21786
5171,"Competition",21787
5172,"Gran Coupe",21788
5173,"16d",21789
5174,"18d",21790
5175,"18i",21791
5176,"20d",21792
5177,"20i",21793
5178,"23d",21794
5179,"25d",21795
5180,"25i",21796
5181,"28i",21797
5182,"18d",21798
5183,"18i",21799
5184,"20d",21800
5185,"20i",21801
5186,"25d",21802
5187,"25e",21803
5188,"28i",21804
5189,"M35i",21805
5190,"18d",21806
5191,"20d",21807
5192,"20i",21808
5193,"25d",21809
5194,"25i",21810
5195,"28i",21811
5196,"30d",21812
5197,"30e",21813
5198,"30i",21814
5199,"35d",21815
5200,"35i",21816
5201,"M40d",21817
5202,"M40i",21818
5203,"Competition",21819
5204,"20d",21820
5205,"20i",21821
5206,"25d",21822
5207,"28i",21823
5208,"30d",21824
5209,"30i",21825
5210,"35d",21826
5211,"35i",21827
5212,"M40d",21828
5213,"M40i",21829
5214,"Competition",21830
5215,"25d",21831
5216,"3.0d",21832
5217,"3.0i",21833
5218,"3.0sd",21834
5219,"3.0si",21835
5220,"X5 30d",21832
5221,"30d",21832
5222,"X5 30i",21833
5223,"30i",21833
5224,"35d",21836
5225,"35i",21837
5226,"4.4i",21838
5227,"4.6is",21839
5228,"4.8i",21840
5229,"4.8is",21841
5230,"40d",21842
5231,"40e",21843
5232,"40i",21844
5233,"45e",21845
5234,"X5 48i",21840
5235,"48i",21840
5236,"50i",21846
5237,"M50d",21847
5238,"M50i",21848
5239,"Competition",21849
5240,"30d",21850
5241,"30i",21851
5242,"35d",21852
5243,"35i",21853
5244,"40d",21854
5245,"40i",21855
5246,"50i",21856
5247,"ActiveHybrid",21857
5248,"M50d",21858
5249,"M50i",21859
5250,"Competition",21860
5251,"30d",21861
5252,"40d",21862
5253,"40i",21863
5254,"50i",21864
5255,"M50d",21865
5256,"M50i",21866
5257,"18i",21867
5258,"20i",21868
5259,"23i",21869
5260,"28i",21870
5261,"30i",21871
5262,"35i",21872
5263,"35is",21873
5264,"M40i",21874
5265,"Cross",21875
5266,"m1",2500
5267,"S",21876
5268,"T",21877
5269,"SS",21878
5270,"eb veyron",2515
5271,"SS",21879
5272,"CLX Turbo",21880
5273,"f8",2540
5274,"bd 132j",2542
5275,"bd 326j",2543
5276,"ESV",21881
5277,"EXT",21882
5278,"Fairway",21883
5279,"c21",2571
5280,"FL",21884
5281,"cs6",2589
5282,"amulet",5063
5283,"bonus",5064
5284,"bonus 3",2619
5285,"cross eastar",5067
5286,"fora",5068
5287,"indis",5069
5288,"kimo",5070
5289,"m11",5071
5290,"oriental son",5072
5291,"qq6",5073
5292,"qq",2621
5293,"tiggo",5074
5294,"very",5076
5295,"windcloud",5077
5296,"cheryexeed",21885
5297,"k5 blazer",2624
5298,"SS",21887
5299,"Z/28",21888
5300,"ZL1",21889
5301,"Grand Sport",21890
5302,"Z06",21891
5303,"ZR1",21892
5304,"s 10",2696
5305,"EV",21893
5306,"Fifth Avenue",21894
5307,"town and country",2725
5308,"SWB",21895
5309,"Донинвест Орион-М",21896
5310,"Aircross",21897
5311,"CrossTourer",21898
5312,"Racing",21899
5313,"Hybrid4",21900
5314,"Long",21901
5315,"Stepway",21902
5316,"Stepway",21903
5317,"Stepway",21904
5318,"Stepway",21905
5319,"windstorm",2781
5320,"midget ii",2819
5321,"sovereign",2827
5322,"Double Six",21906
5323,"Double Six",21907
5324,"Super Eight",21908
5325,"go plus",2844
5326,"120Y",21909
5327,"140Y",21910
5328,"SRT-4",21912
5329,"Hellcat",21913
5330,"R/T",21914
5331,"SRT",21915
5332,"SRT Demon",21916
5333,"SRT-8",21917
5334,"Hellcat",21918
5335,"R/T",21919
5336,"SRT",21920
5337,"SRT-8",21921
5338,"GT",21922
5339,"SRT",21923
5340,"SRT-8",21924
5341,"SRT-4",21925
5342,"SRT-10",21926
5343,"Crossback",21927
5344,"x80",2944
5345,"360 modena",2960
5346,"458 italia",2963
5347,"GTB",5140
5348,"Pista",21928
5349,"Pista Spider",21929
5350,"575 maranello",2987
5351,"612 scaglietti",2988
5352,"812 superfast",2989
5353,"GTS",21930
5354,"208 308",2991
5355,"f8 tributo",2994
5356,"Spider",21931
5357,"T",21932
5358,"SP1",21933
5359,"SP2",21934
5360,"Long",21935
5361,"Active",21936
5362,"Active",21937
5363,"Active",21938
5364,"Cosworth",21939
5365,"land king",3110
5366,"ck",3136
5367,"emgrand",3131
5368,"emgrand 8",3114
5369,"vision",3137
5370,"lc",3138
5371,"lc cross",3139
5372,"Limousine",21943
5373,"cowry",3171
5374,"hover 2005",689
5375,"hover m1",3155
5376,"sing",3158
5377,"voleexc10",3172
5378,"wingle up",697
5379,"Type R",21945
5380,"Type S",21946
5381,"Shuttle",5189
5382,"del Sol",5190
5383,"Electric",21947
5384,"Fuel Cell",21948
5385,"Plug-in Hybrid",21949
5386,"Spike",5191
5387,"Type R",21950
5388,"Crosstar",21951
5389,"odyssey na",3248
5390,"stepwagon",744
5391,"Spada",21952
5392,"ТагАЗ",21953
5393,"Prime",21954
5394,"Sport",21955
5395,"ТагАЗ",21956
5396,"Urban",21957
5397,"h 1 starex",3286
5398,"Plug-in",21958
5399,"ТагАЗ",21959
5400,"g35",3313
5401,"j30",3326
5402,"Arctic Trucks",21960
5403,"tf",3352
5404,"j2",3388
5405,"J3",3376
5406,"j4",3384
5407,"j5",3389
5408,"j6",3378
5409,"refine",3390
5410,"s5",3392
5411,"SVR",21961
5412,"R",21962
5413,"S",21963
5414,"V8 S",21964
5415,"R",21965
5416,"S",21966
5417,"Long",21967
5418,"Long",21968
5419,"TrailHawk",21969
5420,"SRT",21970
5421,"Trackhawk",21971
5422,"libety na",3412
5423,"patriot",3413
5424,"Classic",21972
5425,"mohaves",2322
5426,"GT Line",21973
5427,"X-Line",21974
5428,"X",21975
5429,"Long",21976
5430,"Богдан",1746
5431,"Богдан",1747
5432,"2121",2132
5433,"Cross",21977
5434,"NFR",21978
5435,"CNG",21979
5436,"Cross CNG",21980
5437,"Off-road",21981
5438,"2170",1765
5439,"Premier",21982
5440,"CNG",21983
5441,"SW",21984
5442,"SW Cross",21985
5443,"centanario",3475
5444,"huracan",21986
5445,"Сиан",5257
5446,"HF 4WD",21987
5447,"HF Integrale",21988
5448,"HF Turbo",21989
5449,"hyuena",3483
5450,"130",21990
5451,"90",21991
5452,"Long",21992
5453,"SV Coupe",21993
5454,"evoque",2300
5455,"cv9",3504
5456,"lw x9",3507
5457,"Arctic Trucks",21994
5458,"300",21995
5459,"350L",21996
5460,"450hL",21997
5461,"300e",21998
5462,"liebao",3519
5463,"breez",3531
5464,"cebrium",3532
5465,"celliya",3533
5466,"murman",3534
5467,"lixiang",21999
5468,"air",4931
5469,"mantis gt",947
5470,"GranSport",22001
5471,"Diesel",22002
5472,"Diesel",22003
5473,"GTS",22004
5474,"S",22005
5475,"Trofeo",22006
5476,"GT",22008
5477,"autozam az1",3630
5478,"12c",3678
5479,"w201",3693
5480,"140",22009
5481,"140 L",22010
5482,"150",22011
5483,"160",22012
5484,"160 L",22013
5485,"170",22014
5486,"170 L",22015
5487,"180",22016
5488,"190",22017
5489,"190 L",22018
5490,"200",22019
5491,"210",22020
5492,"210 L",22021
5493,"220",22022
5494,"250",22023
5495,"2-Door",22024
5496,"4-Door Coupe",22025
5497,"150",22026
5498,"160",22027
5499,"170",22028
5500,"180",22029
5501,"200",22030
5502,"220",22031
5503,"250",22032
5504,"250 e",22033
5505,"Electric Drive",22034
5506,"160",22035
5507,"180",22036
5508,"200",22037
5509,"220",22038
5510,"230",22039
5511,"240",22040
5512,"250",22041
5513,"270",22042
5514,"280",22043
5515,"300",22044
5516,"320",22045
5517,"350",22046
5518,"400",22047
5519,"450",22048
5520,"30 AMG",22049
5521,"32 AMG",22050
5522,"36 AMG",22051
5523,"43 AMG",22052
5524,"450 AMG",22053
5525,"55 AMG",22054
5526,"63 AMG",22055
5527,"63 AMG S",22056
5528,"108 CDI",22057
5529,"109 CDI",22058
5530,"111 CDI",22059
5531,"112",22060
5532,"420",22061
5533,"500",22062
5534,"550",22063
5535,"600",22064
5536,"55 AMG",22065
5537,"63 AMG",22066
5538,"65 AMG",22067
5539,"180",22068
5540,"200",22069
5541,"220",22070
5542,"250",22071
5543,"35 AMG",22072
5544,"45 AMG",22073
5545,"45 AMG S",22074
5546,"180",22075
5547,"200",22076
5548,"220",22077
5549,"230",22078
5550,"350",22079
5551,"200",22080
5552,"220",22081
5553,"230",22082
5554,"240",22083
5555,"270",22084
5556,"280",22085
5557,"320",22086
5558,"350",22087
5559,"430",22088
5560,"500",22089
5561,"550",22090
5562,"55 AMG",22091
5563,"63 AMG",22092
5564,"220",22093
5565,"250",22094
5566,"280",22095
5567,"300",22096
5568,"320",22097
5569,"350",22098
5570,"350 BlueTEC",22099
5571,"400",22100
5572,"450",22101
5573,"500",22102
5574,"550",22103
5575,"55 AMG",22104
5576,"63 AMG",22105
5577,"63 AMG S",22106
5578,"200",22107
5579,"220",22108
5580,"230",22109
5581,"240",22110
5582,"250",22111
5583,"270",22112
5584,"280",22113
5585,"290",22114
5586,"300",22115
5587,"320",22116
5588,"350",22117
5589,"400",22118
5590,"420",22119
5591,"430",22120
5592,"450",22121
5593,"500",22122
5594,"550",22123
5595,"36 AMG",22124
5596,"43 AMG",22125
5597,"50 AMG",22126
5598,"53 AMG",22127
5599,"55 AMG",22128
5600,"60 AMG",22129
5601,"63 AMG",22130
5602,"63 AMG S",22131
5603,"400",22132
5604,"200",22133
5605,"230",22134
5606,"240",22135
5607,"250",22136
5608,"270",22137
5609,"280",22138
5610,"280 PUR",22139
5611,"290",22140
5612,"300",22141
5613,"300 Professional",22142
5614,"320",22143
5615,"350",22144
5616,"350 Professional",22145
5617,"400",22146
5618,"500",22147
5619,"36 AMG",22148
5620,"55 AMG",22149
5621,"63 AMG",22150
5622,"65 AMG",22151
5623,"Brabus 700",22152
5624,"Brabus 800",22153
5625,"63 AMG",22154
5626,"320",22155
5627,"350",22156
5628,"400",22157
5629,"420",22158
5630,"450",22159
5631,"500",22160
5632,"550",22161
5633,"63 AMG",22162
5634,"180",22163
5635,"200",22164
5636,"220",22165
5637,"250",22166
5638,"35 AMG",22167
5639,"45 AMG",22168
5640,"45 S AMG",22169
5641,"180",22170
5642,"200",22171
5643,"220",22172
5644,"250",22173
5645,"35 AMG",22174
5646,"200",22175
5647,"220",22176
5648,"250",22177
5649,"300",22178
5650,"350",22179
5651,"43 AMG",22180
5652,"63 AMG",22181
5653,"63 AMG S",22182
5654,"200",22183
5655,"220",22184
5656,"250",22185
5657,"300",22186
5658,"350",22187
5659,"amg glc coupe",3746
5660,"43 AMG",22188
5661,"63 AMG",22189
5662,"63 AMG S",22190
5663,"250",22191
5664,"300",22192
5665,"350",22193
5666,"400",22194
5667,"450",22195
5668,"450 AMG",22196
5669,"500",22197
5670,"580",22198
5671,"gle klasse amg",22199
5672,"43 AMG",22200
5673,"63 AMG",22201
5674,"63 AMG S",22202
5675,"350",22203
5676,"400",22204
5677,"450",22205
5678,"450 AMG",22206
5679,"500",22207
5680,"43 AMG",22208
5681,"53 AMG",22209
5682,"63 AMG",22210
5683,"63 AMG S",22211
5684,"200",22212
5685,"220",22213
5686,"250",22214
5687,"280",22215
5688,"300",22216
5689,"320",22217
5690,"350",22218
5691,"350",22219
5692,"400",22220
5693,"450",22221
5694,"500",22222
5695,"550",22223
5696,"580",22224
5697,"63 AMG",22225
5698,"230",22226
5699,"250",22227
5700,"270",22228
5701,"280",22229
5702,"300",22230
5703,"320",22231
5704,"350",22232
5705,"400",22233
5706,"420",22234
5707,"430",22235
5708,"450",22236
5709,"500",22237
5710,"550",22238
5711,"55 AMG",22239
5712,"63 AMG",22240
5713,"s class maybach",9112
5714,"400",22241
5715,"450",22242
5716,"500",22243
5717,"560",22244
5718,"600",22245
5719,"650",22246
5720,"280",22247
5721,"280 L",22248
5722,"300",22249
5723,"300 L",22250
5724,"320",22251
5725,"320 L",22252
5726,"350",22253
5727,"350 L",22254
5728,"500",22255
5729,"500 L",22256
5730,"63 AMG",22257
5731,"63 AMG Long",22258
5732,"250",22259
5733,"250 L",22260
5734,"260",22261
5735,"280",22262
5736,"280 L",22263
5737,"300",22264
5738,"300 L",22265
5739,"320",22266
5740,"320 L",22267
5741,"350",22268
5742,"350 L",22269
5743,"380",22270
5744,"400",22271
5745,"400 L",22272
5746,"420",22273
5747,"420 L",22274
5748,"430",22275
5749,"430 L",22276
5750,"450",22277
5751,"450 L",22278
5752,"500",22279
5753,"500 L",22280
5754,"550",22281
5755,"550 L",22282
5756,"560",22283
5757,"560 L",22284
5758,"580",22285
5759,"580 L",22286
5760,"600",22287
5761,"600 L",22288
5762,"Pullman",22289
5763,"55 AMG",22290
5764,"55 AMG Long",22291
5765,"63 AMG",22292
5766,"63 AMG Long",22293
5767,"65 AMG",22294
5768,"65 AMG Long",22295
5769,"190",22296
5770,"230",22297
5771,"250",22298
5772,"280",22299
5773,"300",22300
5774,"320",22301
5775,"350",22302
5776,"380",22303
5777,"400",22304
5778,"420",22305
5779,"450",22306
5780,"500",22307
5781,"550",22308
5782,"600",22309
5783,"55 AMG",22310
5784,"60 AMG",22311
5785,"63 AMG",22312
5786,"65 AMG",22313
5787,"73 AMG",22314
5788,"180",22315
5789,"200",22316
5790,"250 d",22317
5791,"300",22318
5792,"43",22319
5793,"200",22320
5794,"230",22321
5795,"250",22322
5796,"280",22323
5797,"300",22324
5798,"320",22325
5799,"350",22326
5800,"32 AMG",22327
5801,"55 AMG",22328
5802,"slr klasse",3695
5803,"722",22329
5804,"Stirling Moss",22330
5805,"GT",22331
5806,"200",22332
5807,"220",22333
5808,"230",22334
5809,"250",22335
5810,"280",22336
5811,"300",22337
5812,"Marco Polo",22338
5813,"Marco Polo",22339
5814,"108 CDI",22340
5815,"109 CDI",22341
5816,"110 CDI",22342
5817,"111 CDI",22343
5818,"112 CDI",22344
5819,"113",22345
5820,"113 CDI",22346
5821,"114",22347
5822,"114 CDI",22348
5823,"115 CDI",22349
5824,"116 CDI",22350
5825,"119",22351
5826,"119 BlueTEC",22352
5827,"120 CDI",22353
5828,"121",22354
5829,"122",22355
5830,"122 CDI",22356
5831,"123",22357
5832,"126",22358
5833,"Marco Polo",22359
5834,"230",22360
5835,"250",22361
5836,"280",22362
5837,"200",22363
5838,"220",22364
5839,"230",22365
5840,"240",22366
5841,"200",22367
5842,"220",22368
5843,"230",22369
5844,"240",22370
5845,"250",22371
5846,"280",22372
5847,"300",22373
5848,"200",22374
5849,"220",22375
5850,"230",22376
5851,"250",22377
5852,"260",22378
5853,"280",22379
5854,"300",22380
5855,"320",22381
5856,"400",22382
5857,"420",22383
5858,"500",22384
5859,"Roadster",22385
5860,"220",22386
5861,"250",22387
5862,"350",22388
5863,"marquies",3760
5864,"Cooper",22389
5865,"Cooper D",22390
5866,"Cooper S",22391
5867,"Cooper SD",22392
5868,"John Cooper Works",22393
5869,"One",22394
5870,"Cooper",22395
5871,"Cooper D",22396
5872,"Cooper S",22397
5873,"Cooper SD",22398
5874,"John Cooper Works",22399
5875,"One",22400
5876,"One D",22401
5877,"Cooper",22402
5878,"Cooper D",22403
5879,"Cooper S",22404
5880,"Cooper S E",22405
5881,"Cooper SD",22406
5882,"John Cooper Works",22407
5883,"One",22408
5884,"One D",22409
5885,"Cooper",22410
5886,"Cooper S",22411
5887,"Cooper SD",22412
5888,"John Cooper Works",22413
5889,"Cooper",22414
5890,"Cooper D",22415
5891,"Cooper S",22416
5892,"Cooper SD",22417
5893,"Cooper SE",22418
5894,"John Cooper Works",22419
5895,"John Cooper Works GP",22420
5896,"One",22421
5897,"One D",22422
5898,"Cooper",22423
5899,"Cooper D",22424
5900,"Cooper S",22425
5901,"Cooper SD",22426
5902,"John Cooper Works",22427
5904,"Cooper S",22429
5905,"Cooper SD",22430
5906,"John Cooper Works",22431
5907,"Sava",22432
5908,"VR-4",22433
5909,"Ralliart",22434
5910,"Toppo",5413
5911,"PHEV",22435
5912,"EVO",22436
5913,"zero one",3872
5914,"caravan coach",1132
5915,"navara",22437
5916,"clipper",3940
5917,"EXA",22438
5918,"qashqai plus 2",3906
5919,"88",1208
5920,"GSi",22439
5921,"GSi",22440
5922,"NE",22441
5923,"Country Tourer",22442
5924,"GSi",22443
5925,"Lotus",22444
5926,"L",22445
5927,"M",22446
5928,"S",22447
5929,"RC",22448
5930,"GT",22449
5931,"RC",22450
5932,"GTi-6",22451
5933,"S16",22452
5934,"GT",22453
5935,"GT",22454
5936,"Long",22455
5937,"Long",22456
5938,"RS Turbo",22457
5939,"GT",22458
5940,"GT",22459
5941,"GXP",22460
5942,"GT",22461
5943,"Carrera",22462
5944,"Carrera 4",22463
5945,"Carrera 4 GTS",22464
5946,"Carrera 4S",22465
5947,"Carrera GTS",22466
5948,"Carrera RS",22467
5949,"Carrera S",22468
5950,"Carrera T",22469
5951,"Speedster",22470
5952,"Targa",22471
5953,"Targa 4",22472
5954,"Targa 4 GTS",22473
5955,"Targa 4S",22474
5956,"Turbo",22475
5957,"Turbo S",22476
5958,"RS",22477
5959,"718",22478
5960,"718 GTS",22479
5961,"718 GTS 4.0",22480
5962,"718 S",22481
5963,"718 T",22482
5964,"GTS",22483
5965,"S",22484
5966,"Spyder",22485
5967,"Diesel",22486
5968,"E-Hybrid",22487
5969,"GTS",22488
5970,"S",22489
5971,"S Diesel",22490
5972,"S E-Hybrid",22491
5973,"S Hybrid",22492
5974,"Turbo",22493
5975,"Turbo S",22494
5976,"Turbo S E-Hybrid",22495
5977,"E-Hybrid",22496
5978,"GTS",22497
5979,"S",22498
5980,"Turbo",22499
5981,"Turbo S E-Hybrid",22500
5982,"718",22501
5983,"718 GTS",22502
5984,"718 GTS 4.0",22503
5985,"718 S",22504
5986,"718 T",22505
5987,"GTS",22506
5988,"R",22507
5989,"Diesel",22508
5990,"GTS",22509
5991,"S",22510
5992,"S Diesel",22511
5993,"Turbo",22512
5994,"4",22513
5995,"4 E-Hybrid",22514
5996,"4 E-Hybrid Executive",22515
5997,"4 E-Hybrid Sport Turismo",22516
5998,"4 Executive",22517
5999,"4 Sport Turismo",22518
6000,"4S",22519
6001,"4S Diesel",22520
6002,"4S Diesel Sport Turismo",22521
6003,"4S E-Hybrid",22522
6004,"4S E-Hybrid Executive",22523
6005,"4S E-Hybrid Sport Turismo",22524
6006,"4S Executive",22525
6007,"4S Sport Turismo",22526
6008,"Diesel",22527
6009,"GTS",22528
6010,"GTS Sport Turismo",22529
6011,"S",22530
6012,"S E-Hybrid",22531
6013,"S Hybrid",22532
6014,"Turbo",22533
6015,"Turbo Executive",22534
6016,"Turbo S",22535
6017,"Turbo S E-Hybrid",22536
6018,"Turbo S E-Hybrid Executive",22537
6019,"Turbo S E-Hybrid Sport Turismo",22538
6020,"Turbo S Executive",22539
6021,"Turbo S Sport Turismo",22540
6022,"Turbo Sport Turismo",22541
6023,"4S",22542
6024,"Turbo",22543
6025,"Turbo S",22544
6026,"wira",4093
6027,"scimitar",4113
6028,"Europa",22545
6029,"Stepway",22546
6030,"Z.E.",22547
6031,"Conquest",22548
6032,"RX4",22549
6033,"sport spyder",4123
6034,"clio symbol",1353
6035,"RS",22550
6036,"samsung",4936
6037,"Black Badge",22552
6038,"Black Badge",22553
6039,"Black Badge",22554
6040,"EWB",22555
6041,"EWB",22556
6042,"Black Badge",22557
6043,"lighting",4171
6044,"V8",22558
6045,"iqq",4198
6046,"EV",22559
6047,"Freetrack",5515
6048,"XL",5516
6049,"Copa Edition",22561
6050,"X-PERIENCE",22562
6051,"120",1421
6052,"Scout",22563
6053,"Brabus",22564
6054,"Crossblade",22565
6055,"Brabus",22566
6056,"actyon sport",4248
6057,"tivoli xlv",4255
6058,"S-Edition",22567
6059,"STi",22568
6060,"tS",22569
6061,"XV",5535
6062,"GT",22570
6063,"tS",22571
6064,"b9 tribeca",1468
6065,"Bistro",22572
6066,"Works",22573
6067,"cervo classic",4284
6068,"C",22574
6069,"Landy",5556
6070,"XL-7",5557
6071,"Sport",22575
6072,"Solio",5564
6073,"wagon r plus",1497
6074,"GT",22576
6075,"Dual Motor",22577
6076,"Single Motor",22578
6077,"Tri Motor",22579
6078,"Long Range",22580
6079,"Performance",22581
6080,"Standart",22582
6081,"Long Range",22583
6082,"Performance",22584
6083,"Standart",22585
6084,"Long Range",22586
6085,"Performance",22587
6086,"Standart",22588
6087,"Long Range",22589
6088,"Performance",22590
6089,"Standard",22591
6090,"GT",22592
6091,"GT-Four",22593
6092,"GTi",22594
6093,"Premio",1556
6094,"Lucida",1569
6095,"Arctic Trucks",22595
6096,"Regius",5596
6097,"Arctic Trucks",22596
6098,"105",22597
6099,"Arctic Trucks",22598
6100,"Arctic Trucks",22599
6101,"LiteAce Noah",22600
6102,"Qualis",22601
6103,"priusplus",4373
6104,"Compact",22602
6105,"L1",22603
6106,"L2",22604
6107,"Long",22605
6108,"EV",22606
6109,"scepter sedan",1614
6110,"TownAce Noah",22607
6111,"Arctic Trucks",22608
6112,"Ardeo",22609
6113,"601",4446
6114,"A",22610
6115,"Country Tourer",22611
6116,"w8",4506
6117,"RSI",22613
6118,"Maxi",22614
6119,"Long",22615
6120,"Alltrack",22616
6121,"Country",4513
6122,"GTD",22617
6123,"GTE",22618
6124,"TCR",22619
6125,"Cross",22620
6126,"GLI",22621
6127,"Long",22622
6128,"GTE",22623
6129,"passat na",4514
6130,"Long",22624
6131,"Cross",22625
6132,"Fun",22626
6133,"Allspace",22627
6134,"R50",22628
6135,"Cross",22629
6136,"Long",22630
6137,"R",22632
6138,"T-5R",22633
6139,"Polestar",22634
6140,"R",22635
6141,"R",22636
6142,"v40 cc",4559
6143,"Polestar",22637
6144,"R",22638
6145,"XC",22639
6146,"D4 AWD",22640
6147,"D5 AWD",22641
6148,"T5 AWD",22642
6149,"T6 AWD",22643
6150,"T8 AWD",22644
6151,"willis",2210
6152,"nomad",4598
6153,"zx",131
6154,"12",1767
6155,"13",4613
6156,"14",4614
6157,"21",4615
6158,"22",4616
6159,"24",4619
6160,"3102",4620
6161,"31029",4621
6162,"3105",4623
6163,"3110",4624
6164,"31105",4625
6165,"3111",4636
6166,"m 20",4631
6167,"tavria",4646
6168,"slavuta",4647
6169,"dana",4648
6170,"ig",140
6171,"2125",5702
6172,"2126",1831
6173,"412",4653
6174,"1302",4656
6175,"434p",22647
6176,"yuri dolgorukiy",1861
6177,"c 100",4677
6178,"emobil",4601
6179,"Priora",1765
6180,"Приора",1765
6181,"31",5683
6182,"3101",5684
6183,"310221",4629
6184,"3103",4622
6185,"Москвич (АЗЛК)",142
6186,"21110",1746
6187,"ВАЗ (Lada)",132
6188,"ZXAuto",131
6189,"KAMAZ",137
6190,"Rezvani Motors",4734
6191,"KTM AG",4926
6192,"Eagle Cars",34
6193,"Bilenkin Classic Cars",4900
6194,"Renaissance Cars",4692
6195,"Mecedes",79
6196,"AZLK",142
6197,"сефия",873
6198,"КУПЕР S",3814
6199,"Х-Трейл",1196
